X1	X2	X4	X5	X6	X7	X8	X9	X10	X11	X12	X13	X14	X15	X16	X17	X18	X19	X20	X21	X22	X23	X24	X25	X26	X27	X28	X29	X30	X31	X32	X33	X34	X35	X36	X37	X38	X39	X40	X41	X42	X43	X44	X45	X46	X47	X48	X49	X50	X51	X52	X53	X54	X55	X56	X57	X58	X59	X60	X61	X62	X63	X64	X73	X74	X75	X76	X77	X78	X79	X80	X81	X82	X83	X84	X85	X86	X87	X88	X89	X90	X91	X92	X93	X94	X95	X96	X97	X98	X99	X100	X101	X102	X103	X104	X105	X106	X107	X108	X109	X110	X111	X112	X113	X114	X115	X116	X117	X118	X119	X120	X121	X122	X123	X124
1	2	5	6	7	8	9	11	13	14	15	16	17	18	19	20	21	22	23	24	25	26	28	29	30	31	32	33	34	36	37	41	42	43	44	45	46	47	48	49	50	51	54	56	58	59	60	61	62	63	64	65	67	69	70	71	72	73	74	75	76	77	78	88	89	90	91	92	93	94	95	96	97	98	100	101	102	103	104	105	106	107	108	109	110	111	112	113	114	115	116	117	118	119	120	121	122	123	124	125	126	127	128	129	131	132	133	134	135	136	137	138	139	140	141
4.3512	4.469600000000001	4.4548000000000005	4.6768	4.3808	4.1735999999999995	4.5584	4.81	4.3216	4.6175999999999995	4.292	4.5287999999999995	4.469600000000001	4.7656	4.7951999999999995	4.588	4.7064	4.6472	4.6175999999999995	4.6175999999999995	3.9959999999999996	4.499200000000001	4.7064	4.691599999999999	4.81	4.588	4.5584	4.469600000000001	4.6916	4.7656	4.7064	4.247599999999999	4.5287999999999995	4.587999999999999	4.943200000000001	4.3364	4.3512	4.7064	4.3512	4.691599999999999	4.5436000000000005	4.6175999999999995	4.5584	4.4992	4.6324000000000005	4.3512	4.203200000000001	4.514	4.203200000000001	4.3216	4.2328	4.6175999999999995	4.44	4.469600000000001	4.3512	4.81	3.8183999999999996	4.143999999999999	3.9959999999999996	4.3808	4.114399999999999	4.6324000000000005	4.7952	4.277200000000001	4.3068	4.3512	4.5287999999999995	4.2623999999999995	4.6768	4.6768	4.484400000000001	4.558400000000001	4.1736	4.6472	4.5287999999999995	4.499200000000001	4.2623999999999995	4.0847999999999995	4.188400000000001	4.6175999999999995	4.6768	4.469600000000001	4.854399999999999	4.9284	4.3956	4.4844	4.7952	4.129200000000001	4.1736	4.203199999999999	4.5436	4.5732	4.3808	4.6324	4.513999999999999	4.588	3.848	4.3808	4.2623999999999995	4.3068	4.6916	4.2623999999999995	4.514	4.410400000000001	4.44	4.3956	4.143999999999999	4.5584	4.203200000000001	4.3512	4.588	4.4252	4.3216	4.2328	4.410400000000001
1.3391039695212803	1.30120248956405	1.3399379448906	1.3784581888056398	1.2926176290369202	1.3623546455208848	1.39483988628563	1.2665108385801147	1.2660056558684398	1.4121526739305348	1.26576646934909	1.5971171546138903	1.4483029223436497	1.3746643544701198	1.4216688893617748	1.4172454785790898	1.43250993433264	1.3967818954243898	1.4512063672276048	1.4299238483116046	1.16138206029741	1.3196655646110003	1.3423974078817102	1.4259546557680247	1.4843565020356548	1.23077678397881	1.56542238410176	1.49930158142572	1.2873086232997397	1.44156983415377	1.4642315872742797	1.2421314027354549	1.2885167975385148	1.332879993463175	1.3560081490932803	1.38326987748991	1.4567719640890897	1.4019306714701596	1.39644224898149	1.3949924258584652	1.398985226965235	1.34445731759805	1.39977616100484	1.3194416196142247	1.4450388745284348	1.14606322575966	1.31175805994081	1.2613087552356452	1.4157185177971698	1.3225643619007852	1.4967593026090698	1.30842582411549	1.42241282892269	1.30747093910598	1.4232016571535295	1.482342054736205	1.2645637230441098	1.4242357985413299	1.38925240537631	1.3891642426570052	1.5163558018510204	1.3659171154554448	1.27207189683228	1.29407577836129	1.2493685940675099	1.387255457501495	1.3641589225802904	1.21203572951498	1.4231376786714698	1.5153348352054496	1.344477090751305	1.2822181572229	1.39597210374059	1.3542970456664	1.3725450411178102	1.251588596797645	1.3823369516118702	1.3678505718027902	1.334990812095235	1.47173857397332	1.389141245986555	1.361916126132825	1.45924626034126	1.3536174252823998	1.3624909288787048	1.4567867683209852	1.28474648489409	1.372072071922605	1.32239687452909	1.3369239350101698	1.3311616385046898	1.4050595129648897	1.37623046519444	1.3309663515003751	1.4571812409242149	1.3614177732468302	1.2377176721340397	1.4299575150123998	1.2451151926484199	1.3899920219001098	1.3854049575186203	1.3780305751562503	1.2841903424800751	1.389599735676995	1.4185991921190402	1.352463635658455	1.2609736740794297	1.3695571816084002	1.3672371408318702	1.34627325912089	1.3152932928405097	1.360278118626435	1.3037349606490498	1.38796818074669	1.3699798153904899
0.7699582043243001	0.757463532848101	0.7432969655030559	0.7933186946419846	0.9405671838841638	0.7911081832277778	0.7787023257140219	0.6821915288861653	0.7245291619647108	0.7782365157976661	0.8545900517344511	0.738879746713762	0.754581014771265	0.6837223094446969	0.7017379907323634	0.839285305549264	0.690704730818029	0.7854824574700819	0.760661030368358	0.7606153278972295	0.7998643923752309	0.7809982015891971	0.7043389101527239	0.7962435339722336	0.7544360765905809	0.7357637671626008	0.8269986949117291	0.7602244156085501	0.6976656335171021	0.7521492781183241	0.7519621787028398	0.842466450496308	0.912448373014221	0.7941917859598407	0.745192404718417	0.7543332210008256	0.7978448788138138	0.7831497799406769	0.729025873602917	0.6924045682145024	0.6835492233911679	0.7223398658092298	0.8679843195604381	0.8160665294983629	0.7572596843466805	0.7406037346631291	0.75250181962422	0.794776946673271	0.7050295794184225	0.872617422500889	0.6935361527710358	0.7693150207999448	0.717612743245476	0.7137842137562029	0.6516311342381331	0.7735910072305541	0.7471046224404461	0.759633965694703	0.658506928392557	0.7966440423832439	0.700035632714684	0.8779615225875685	0.86378758812398	0.7381802577962364	0.7447350688430235	0.7720206110641171	0.8594714109699961	0.773291528380237	0.7961827891461307	0.749957601438436	0.7021521168600984	0.7012569832299594	0.977671688129716	0.7162120738642258	0.6714206911264919	0.774630972641302	0.6543878947651509	0.7077481680550539	0.7015159565544214	0.718720275092093	0.703684861585312	0.7599890607030368	0.6535582342832911	0.8312962083435951	0.7607164252199219	0.7113742526839789	0.7475317828559789	0.8366635126316291	0.7370041194751811	0.8533082459728005	0.7876761975780293	0.7052300566455854	0.7287663847779717	0.7624821278995559	0.7458752833885809	0.7661278331087952	0.712739887567639	0.7529325558378729	0.7831925018964098	0.8374723136164299	0.7234579838858003	0.810184751348266	0.7382116691550741	0.756136833694657	0.7215306302746138	0.8224883080410684	0.7257829614462938	0.7355189292747238	0.804250158022501	0.7790972965164501	0.7472141181613209	0.7268397465832399	0.772812497990708	0.7530936565752171	0.862684007604547
0.46559260394668806	0.4888415353398021	0.542480432538081	0.5125248750749989	0.459445519185194	0.5315421225777348	0.5204857849493169	0.5540684224415716	0.459002583495599	0.5324449462937015	0.4746680555964705	0.5022440795285331	0.5165015042622858	0.5208757940030161	0.5131111213084529	0.584759926974987	0.508198135135119	0.5428931660785661	0.5183665998996656	0.529513645634925	0.497315128545404	0.5273533792806879	0.5117544464865021	0.5445159125896686	0.546083705707098	0.5084418949923519	0.520618713426257	0.46866754056964804	0.49082256932525004	0.5695262226619701	0.5484020265361701	0.4738820377006715	0.4856202628795686	0.532244348385335	0.5230975354880171	0.5043043142477626	0.4936684441342335	0.5453071164234201	0.511129063632604	0.5146725299258585	0.5355387934721361	0.550004523041088	0.46303429052657996	0.5197772844398141	0.5802008354907154	0.4820284998767641	0.4815727137893051	0.505110560791202	0.5716858155654396	0.483512393247772	0.5098236076787671	0.5235429701766259	0.484767470851156	0.5068544762612801	0.49606472212470504	0.4907972966055165	0.48599069355331204	0.509968378378383	0.49284270115088347	0.508911607347646	0.4873672617866821	0.5057268257639598	0.501488107361176	0.5073376899793334	0.49136895327578944	0.48311339178814405	0.48265244731993207	0.517094776884056	0.49578896699383007	0.5001119456673498	0.5210934836879105	0.5091699855631069	0.5177730048479249	0.5172903680356559	0.5390252574489182	0.5077822351717987	0.5235131738313828	0.49276548549073396	0.5155099729066377	0.5175608828517558	0.5710697768023215	0.470807342391707	0.51821241318982	0.5565922297669296	0.555755731526844	0.5130805993892915	0.506047151443212	0.5422910529463955	0.5256082769987681	0.4820205980513266	0.47921878907588655	0.4939851755362665	0.509847605909106	0.5135400957497545	0.5346296164412785	0.49856597614680503	0.507910273873205	0.5029288936131372	0.5035566222359619	0.450446727700861	0.5493368990971694	0.5015952930151741	0.48516059376611353	0.5164895777891796	0.4877978662902971	0.5221408603328574	0.48123743935623	0.49742491868088706	0.49928159308569203	0.48332578519861913	0.5600363906153509	0.5684219020128242	0.5311328264930161	0.47699766187991355	0.4766525095265451
1.7889504972799999	1.929151517696	2.011635673344	2.2664405245440005	2.2006840156160004	2.0188972874239997	2.05348072448	1.9915365629439998	1.4860374528	2.3076242501119997	1.954943214848	2.176357608448	2.1793141227520003	2.0873250329600004	2.118926021376	2.5687959808	2.0800115502080003	2.314406078976	2.2164909934080006	2.2205367498240003	1.559742835712	2.0595234247679994	2.0450520652799997	2.3925592005119998	2.453543791616	1.9737067069439997	2.4643843440640003	1.9272064424959998	1.703600597504	2.47167189248	2.354474628096	1.9279715054080002	2.292413762048	2.1562066293760003	2.1535094584320005	1.8821844352000001	2.1157490652160007	2.38816333056	1.8888754938880001	1.96186768256	2.066071844608	2.1501379947520003	2.235306354176	2.212250729472	2.315624992768	1.604090550272	1.7851900185599998	2.0135029455359996	1.9062904005119998	2.098788009472	1.9514291123199996	2.067070316544	1.97049084928	1.7910252441599999	1.79634178304	2.20694715776	1.439251910656	1.9442712355839997	1.586934987008	2.1027689300479997	1.7954859499520002	2.2491812239360005	2.392649970687999	1.7758925591039998	1.7919977817600001	1.907055463424	2.0674074629120005	1.7396752588799997	2.075706450432	2.23787385344	1.8825993845760003	1.7531351792640002	2.36767520512	2.2902352778240003	1.8776718607360001	1.9295534999039998	1.796367717376	1.762782752256	1.7007607877120003	2.1055050024960003	2.093575207936	1.7572328043519998	2.111884849152	2.297017106688	1.981525909248	2.1314912071679997	1.8776199920639998	2.115736098048	1.82409152256	2.0172374899200003	1.951831094528	1.9150173045760002	1.974251328	2.0038813068800003	2.193163058176	1.9652780477439997	1.425558581248	1.89981978368	1.81255074304	1.9150432389119998	2.2451225003520006	1.8668831769600003	1.756182463744	1.9398883328	1.75342045696	2.127147205888	1.433312947712	1.9766891555839998	1.9058106152959997	1.8353470243840002	2.1005774786560005	2.1345125573119996	1.9457494927359997	1.7824409789439999	2.1269267640319995
0.4360043391138841	0.4112346711502501	0.3546249488072746	0.37569005595029153	0.5134276529473469	0.401639766722372	0.38048800766953805	0.31876394931097407	0.404662230359124	0.3255785191527775	0.45527537364651005	0.3525199663646801	0.3652945649158005	0.29391107148958706	0.3303856031726365	0.36210840585374104	0.34693547530611796	0.343081096296835	0.3826323597022866	0.36369649198130655	0.4025749447636551	0.3416346784313929	0.355082550768944	0.3663636271893299	0.338211607058729	0.38666690889080607	0.42560004965936105	0.44931003330578506	0.367994721933558	0.33056998405053395	0.356163946940849	0.4870951470992496	0.5078873631847804	0.377676766061798	0.34021804192158595	0.40144630213765303	0.408733663999156	0.36624424948320794	0.37045042550499	0.3256832864098165	0.343917574837974	0.3278872068646261	0.48464101352003597	0.42580401682607855	0.2971831047215421	0.410446442556464	0.4053221293312791	0.4211735444554866	0.32702615760486053	0.4435352631161821	0.35935408972581906	0.35858596708978807	0.36964741749212493	0.37652996878701306	0.35530008958888004	0.3914924117261946	0.43026572943446506	0.3819318320381909	0.3474533309620286	0.40393693141694254	0.367125063961735	0.45543124911075306	0.46455794989252003	0.4087349194907951	0.4169026342799331	0.40990962406829456	0.443423949712134	0.391736087819585	0.41903522192534504	0.359689136116877	0.3522087079218935	0.33988353222446854	0.473871736171176	0.3618100649697771	0.30616674695442003	0.406077889628074	0.311445920933813	0.3586493160007119	0.3612066508198235	0.34561487334635704	0.30301211711923404	0.45280812979545004	0.32549294010225305	0.3904265553292436	0.3289892031094905	0.3382540993097295	0.4159638776320611	0.42439964795495355	0.4229983271747881	0.444244806634306	0.42725021989616363	0.364902224822227	0.358021248682255	0.39577565419095856	0.3910103031116321	0.42117703430463305	0.3848830629123531	0.407749534784056	0.41467504741744304	0.4974781563247125	0.3636734996976395	0.409974568406379	0.39655635101704556	0.3906578894634686	0.39135693751904155	0.4364967318251626	0.409941149464148	0.363343229470051	0.406143438884714	0.44008587165030505	0.34863412688058093	0.32903919308590346	0.396500044086281	0.4018872316952515	0.473097475539982
14.147063466666697	13.9718314666667	14.546592426666649	15.760950186666648	16.052419413333293	13.7387729066667	14.6096759466667	14.12545152	12.433294506666702	15.385953706666651	14.89004714666665	15.416911359999999	15.963051093333297	15.253361493333298	15.27497344	16.56292864	14.9870088533333	14.960139946666702	15.680927573333353	15.285487360000001	11.930962773333299	13.9134208	14.9134114133333	16.50393386666665	16.44902784	14.037251413333298	15.698450773333299	15.162240853333302	14.28257621333335	16.319940266666702	15.6575633066667	15.029648640000001	15.51737770666665	15.331631786666652	14.0898210133333	14.435028053333301	15.478242560000002	15.7533568	13.9648221866667	15.652890453333349	14.09683029333335	14.631871999999998	15.985831253333302	15.4379392	15.400556373333348	12.859692373333303	12.775581013333301	14.74402048	13.19789013333335	14.8199543466667	13.9484672	14.714815146666698	14.273230506666701	13.958981119999999	13.82230016	16.3140992	12.0115694933333	14.1003349333333	12.60385365333335	14.852080213333348	13.972999680000001	15.7101329066667	15.783730346666701	13.4180983466667	13.251043840000001	14.769137066666651	15.022055253333301	12.7510485333333	15.66924544	16.08045653333329	14.3368981333333	13.878958506666649	16.9472708266667	14.7393476266667	13.6201992533333	14.908738560000003	13.2031470933333	14.023232853333301	13.370785706666702	15.512704853333302	14.3152861866667	13.861435306666703	15.395883520000002	15.779641600000001	14.26446890666665	14.738763520000003	14.436780373333301	13.7732352	12.775581013333301	14.25220266666665	14.80359936	14.79074901333335	14.4402850133333	14.72124032	14.563531520000002	14.744020479999996	11.543115946666699	14.35851008	13.48935936	15.19436672	14.79892650666665	14.138885973333299	13.86201941333335	14.504536746666652	14.3012676266667	15.1049984	11.984700586666701	15.2545297066667	14.3082769066667	13.680946346666701	14.284912639999998	14.010966613333302	13.579311786666699	14.17860522666665	14.909906773333349
914.341815957277	964.522719801959	825.3690840993805	862.3349666119161	972.759575405412	881.252142439012	766.8688112241729	1045.0228483053936	920.645434568562	677.7479056067675	907.8951291926821	487.529084488365	876.8638788661436	672.0903689989971	957.7815488385555	887.4841892628531	753.581208008645	1096.937197907323	803.5803953561531	1026.3155733518806	1021.8691190205101	484.04753684358786	696.222258374549	846.6838935319736	957.1543722788551	815.6940604178469	717.392004002821	819.0548619067303	926.2735653557527	730.485968742933	801.5955957262051	855.566801807299	830.5380734038849	798.7058551974966	1028.2827511241721	991.5480149717346	896.0163353116816	682.312190361304	539.5170371435789	912.0244877514622	928.2607589265116	747.69117177871	748.374484535041	1007.1073833013326	930.8636707499995	952.0510749460861	806.985757098545	936.460998819368	1101.724399004715	811.7111953754616	861.2752497853689	723.0825744950561	1056.0845006329741	900.908886961014	862.3902945853372	733.827901703429	821.4815331108979	720.9091366946761	873.5769641843597	942.9502330740036	784.8879916964172	983.3857431344506	629.4853705770889	987.9232151537111	1095.7815520802355	814.1961836029786	847.3864277203049	842.9633238788799	1037.389683570749	812.75581160651	854.5701644424889	1018.6845768016715	1175.741181365026	876.3169606375411	972.2956415513481	833.0092031805721	737.2635395801138	921.2610275788701	883.294546310084	718.355880742728	747.3512682105825	890.6759165755659	944.192135359717	1032.517095166836	888.4035924138695	933.6235398086851	918.1893505829491	838.8038948218099	931.9842036481491	1022.3182472768196	596.8729500462146	791.4875559579555	904.0755015680461	807.657485437275	980.2668726135781	824.5108928983852	1097.879992963699	835.43444400803	970.2452598282331	773.0330118484505	913.08916336697	942.72677257524	763.6770485409767	925.8041853733441	641.6212765322339	1119.942794291913	856.563636495925	897.669572007239	929.357160753121	957.6632847621431	891.4846333637031	777.3682457844716	906.8094900569549	845.8056577629675	947.0879941149745
0.3922146027325907	0.4579570275389985	0.46729210310838354	0.4730216816097146	0.37586856782392036	0.4007302842722935	0.48154772516721217	0.6147011123300927	0.4891688448449756	0.48053986850968133	0.3718345283586777	0.45045002295570036	0.4518986718225134	0.5899335523640754	0.5953983991049101	0.4599900819995985	0.5749010070695745	0.4501061132571591	0.48503621754225934	0.45569359140314303	0.3732281929514781	0.46573507592796937	0.5647305014946783	0.48391261799066054	0.5181101113327706	0.5284388510436819	0.40269731440731393	0.43455875116429205	0.5625963732607879	0.5192749193396727	0.5086758437303966	0.39258647362275717	0.3798619035134987	0.4549195774509904	0.5090795367324876	0.466305181417271	0.4150765888541549	0.4775797256928436	0.47034850373847953	0.5869840659816521	0.5602985969490129	0.5325360462582958	0.40773015012682706	0.44209189001756327	0.4307345980652788	0.46560680898879975	0.42515410467900333	0.44891626721374134	0.45369620572791786	0.38006047375418506	0.4871144587202905	0.49369148939872376	0.4817858790232106	0.5211913940420516	0.5441619770979633	0.5109626451661016	0.34845936225557145	0.437055875930271	0.4737223699606322	0.43488609849867016	0.43413455466973905	0.415966750945091	0.4694905919068734	0.3860446875282776	0.4748917259085058	0.4491687180404579	0.41546525100745474	0.42481553220713025	0.43624445062438555	0.5159537717052298	0.5233699292891412	0.5588024286555817	0.2729396953948802	0.4938710589726119	0.5397037782439831	0.47435609943819224	0.5023378941344958	0.4952353789686458	0.48872045861662494	0.5344453971559596	0.5694606712611521	0.42581317252772055	0.5605888439905293	0.48332900710098903	0.4591152400086058	0.5103219751177162	0.5348986833312136	0.36314418442364826	0.4072134133902978	0.34110340433277	0.42985041638234694	0.5511320874226777	0.4802220883987614	0.46693975725556147	0.45247103406941497	0.4404521988229547	0.4041858730544355	0.4388047414657382	0.42249382285775255	0.3880067795492208	0.4984928969110842	0.4024463290095323	0.5012471489320739	0.42442056600504663	0.47376773972104747	0.4131408041963691	0.4380952428055767	0.5467759749614103	0.37177633357528905	0.37927725788361955	0.5032223472266225	0.4586241518955273	0.4371915386203748	0.4370074305499185	0.40847826064259446
9	7	14	14	11	12	17	8	7	18	8	5	14	17	6	5	23	7	10	10	9	19	21	6	10	15	3	19	12	13	15	10	12	16	3	12	20	17	23	8	8	25	17	4	4	11	13	12	4	16	13	19	11	23	13	10	13	21	2	10	25	8	11	18	6	24	11	19	7	15	22	6	3	7	15	20	23	9	16	15	12	10	5	8	14	12	9	16	11	8	16	22	9	12	8	15	5	15	25	10	6	11	20	8	18	4	13	17	13	9	11	14	17	20	10
0.16384312280010072	0.03220384056193897	0.08282123056523066	0.12060555633875343	0.1169168259847449	0.06849972941036285	0.11703018153879564	0.08887704990603595	0.07356580098680301	0.07531251413786527	0.21919405296937877	0.19812109428326888	0.09712269732637045	0.04728504449110682	0.10629015215176078	0.16464625838445288	0.09160103154945669	0.12419816511401074	0.14719532359721516	0.09101431779914873	0.10813394528757743	0.09062312354007696	0.05203606075643721	0.07004638463189944	0.05703069894558742	0.17886096272608398	0.2580468174576081	0.07887523254103652	0.06673689634177889	0.06265332184068602	0.0705094473913147	0.21862182304406647	0.09718393474086744	0.04257144387184129	0.20388458608841553	0.12449393316117614	0.05974663417077856	0.10409447000259482	0.09448638746064679	0.09070661497377143	0.09259509397679458	0.0573201535238698	0.08746487658870959	0.12463381028704301	0.4579836823876299	0.09746144344651218	0.099227008475744	0.07153333333333335	0.1957389758496417	0.0979114429812301	0.18444482377597776	0.06908033105826675	0.08447911845270085	0.10208560496307545	0.12416713810587866	0.10043181080824061	0.0696480461700522	0.07477520488307687	0.1479999999999997	0.08455451259394729	0.047606027629562515	0.0673591652476271	0.08158381949446714	0.104415938259791	0.09032177539835633	0.07473987611794394	0.12407396354494393	0.06354351981464346	0.12228786824983262	0.11472034535380043	0.08412665214392231	0.07743919191497572	0.2725415523874801	0.14810064605039444	0.14255687168106654	0.07369089124601208	0.05148557260326727	0.09344438895493141	0.09838452368131896	0.06351558898762133	0.12950907616101978	0.07514877214935435	0.25342164074916734	0.16347134305437147	0.09673956882178132	0.08805877513790368	0.1506440363207663	0.15525237035227515	0.1662494073810354	0.1252625072169871	0.10602829732356044	0.07853627010596206	0.09178003763696103	0.10497635520208892	0.1663883752807613	0.07867920997658584	0.08213666659902862	0.11116166428382225	0.0787730839987027	0.11430012734512203	0.14216219844482808	0.25311715642372623	0.0773693566431079	0.17528898180677863	0.11598117494307636	0.1514139579651316	0.09734123552802429	0.09674895276741605	0.10664332486223685	0.09681295699427485	0.07619597872298593	0.1124186579820289	0.20267324034746473	0.0993736896239326	0.12803877190566576
0.062410683122300525	0.013403132599707742	0.01394332227727316	0.01282599057860807	0.05549237773418487	0.02599573463467701	0.011545696891655428	0.028061758628944066	0.022296727280162774	0.022290196388083747	0.0410680886953093	0.10206300562447401	0.01633585966286229	0.021568670287179584	0.009252197306750204	0.025293779024237868	0.02309032090210905	0.04260691232436188	0.05010674897806554	0.02392641065928564	0.008710982581468971	0.021538099764858494	0.02227684531118218	0.0298461083644677	0.02310453071165378	0.0295326440311298	0.012227754089859929	0.01600414646334096	0.011324801492877238	0.02135336644787765	0.011801821237276664	0.06428279696785728	0.03514240996683414	0.015315596321678377	0.03004288375196834	0.044943848541646014	0.022582652937078895	0.019849987449347777	0.01111463944316605	0.015394297238503862	0.02136742578570056	0.015030959735749921	0.021283111632021286	0.07038563470671036	0.13690207107635452	0.022673308590842493	0.028267177456936618	0.02437482093583472	0.028424583843816832	0.03222106375005311	0.04172846053522574	0.0177367130526194	0.026928897163874164	0.0217006129973431	0.048116727197201885	0.05149831306144194	0.010883071795391974	0.01332414036040181	0.13138772412749034	0.017739959426665737	0.015273225687779812	0.03380139783705926	0.03350780213463359	0.014408655060285337	0.025355294418233733	0.022353947403894084	0.042766541256234886	0.011781061718859046	0.03715888674898705	0.013755191505863927	0.01844119634170247	0.014260196249228339	0.03172350519641207	0.031015067345772713	0.02835899923383806	0.017025434073480204	0.01315469630358641	0.04938270832544194	0.02044751210102806	0.01290850413238287	0.020160081653293867	0.022539430065183073	0.031089293622348194	0.06375072639545305	0.012336973868645839	0.011551056802662295	0.02023588366001607	0.022934816660666192	0.037685021938498514	0.03344650841239903	0.028209735966648403	0.023571653800877685	0.04883103426751662	0.018023044427538906	0.02478708448229793	0.025958334896144537	0.027170894425943764	0.027950389680877423	0.009777340145958978	0.03636427213687577	0.06344949448423765	0.05929456045486891	0.016811469820992932	0.016277447070064184	0.020822635164927054	0.005126423566678923	0.029192169367850313	0.026852597960992697	0.020223991529252878	0.044158595272582486	0.04319354513197788	0.029322615616558856	0.04272929017028532	0.030971352156436698	0.033823404006529306
0.02416222349704866	0.024982641750371223	0.014015815447101482	0.03716134591485518	0.029428245927285473	0.018573793030399896	0.027482662507186454	0.02247475857629718	0.018654583720113	0.013071658341955523	0.027484232718181806	0.02280626639718957	0.017232714463184272	0.01771594067592646	0.022195465841426936	0.04798269706489481	0.014182614311749222	0.014074678253119543	0.03639941633789931	0.027887759254497796	0.028532239422569366	0.023207847464522733	0.01100143431573594	0.03967579635185761	0.015391034904164502	0.022866064796727717	0.032784526909558284	0.01768096920417144	0.009360521528421562	0.010916399247547158	0.021989005792574182	0.03678367337642991	0.027318176202832833	0.012934317261542639	0.04672988799176203	0.022585050104654884	0.016738516048386415	0.01690573711873388	0.02325895415086403	0.025812918324109233	0.03634533319385534	0.011708328753858101	0.02629822870069307	0.042102332478710425	0.04639337220150404	0.017081873560445025	0.01936143360765704	0.024199601074839292	0.03222435539374812	0.046997048062125325	0.038303909761548745	0.01586694389317459	0.021681054963658762	0.013213225162038218	0.02130539477089185	0.03950579171417777	0.012846559995129405	0.015183478269916803	0.05312680891325805	0.01668645009934675	0.012568814343488503	0.015130018734187671	0.029518910251887437	0.02046548486478351	0.02464673976039524	0.02080751630596302	0.027749417789725825	0.011106103654923571	0.024623936879287694	0.030349778038401564	0.01389716192661154	0.016627501213385642	0.11922616460707769	0.032597913791018784	0.018683618387868094	0.018774475169758397	0.012416716496074308	0.010827230181163307	0.01603773453854219	0.01263785628618571	0.021923091737727905	0.015873513227337724	0.06109354536976448	0.03225856219579577	0.02205587736272626	0.02811372272713967	0.020478557546614585	0.015568994522201162	0.018898324249831438	0.015269719672957746	0.030159083338506865	0.021158768071085153	0.025531294266763205	0.029524141997100985	0.028890620048397812	0.014253529948514688	0.015715645304369558	0.01899914357697778	0.013516607450929535	0.03030384966473535	0.029260320348652936	0.031320602439498475	0.025264246993009377	0.056804189419328556	0.013217760828089568	0.03117335262188834	0.026816536844815556	0.0199004804109495	0.03062048409265359	0.01919114263853353	0.03768665162916005	0.028606496004058735	0.018203314236898124	0.022193714014031515	0.037819428882064
0.012101642878469	0.01890176394592771	0.005094199793279303	0.006602889218701945	0.005425841576090227	0.00643843349527333	0.0047422071592908635	0.010163248825736975	0.008469367284253976	0.005681483403998052	0.013318239612397618	0.017410785692901717	0.003593365911185683	0.00564250353102815	0.007333575106551372	0.0121777143111466	0.004442103371240815	0.019527215824276942	0.022054365238461254	0.010201845183307662	0.007370110204547004	0.0070349394647085265	0.005546599881530448	0.009142006831665472	0.00968674469202162	0.0284725066413641	0.002111579224822001	0.00591056576298393	0.004729526465245881	0.008204950455902362	0.004976151288785811	0.012763795575924964	0.007156931964176521	0.003119476693389457	0.01665535775597978	0.005632305570225543	0.006203686368159906	0.008477058488034506	0.003925564063452704	0.00786476335208777	0.009847540435388397	0.0049428883219879045	0.005768106888833824	0.008966831697804307	0.02395782295557282	0.00790331633758314	0.009386998479277556	0.010434213931557575	0.0076709158265026115	0.017559274544439785	0.010348033128125163	0.006649655342259999	0.007658121725739554	0.0071052949633326045	0.012211983327150757	0.021048238725385308	0.0041826771269839295	0.004684034407837506	0.020520118965439343	0.00757370850098359	0.004446505970512047	0.00583744565066703	0.012278473256901234	0.005870267927356796	0.005428821027465376	0.00819358977426439	0.008118274836771055	0.0063888919765102276	0.009901605454886738	0.006440338821396463	0.007847729288472119	0.005411913153816041	0.013400472290589164	0.015069460131368846	0.006680324597753431	0.007122148944795854	0.00433420091774945	0.008925287417614537	0.004981278961565193	0.004957395655360383	0.007730145210642141	0.007008973888474408	0.012265476836073715	0.014624138957666523	0.007183239100138573	0.004611161525435501	0.006638901779456508	0.02058349667925341	0.009790433031510996	0.004248870816780033	0.015078474247379955	0.009419109225626813	0.010998795351278038	0.004404834577591247	0.01112714668115046	0.004753735279408562	0.015104613287810143	0.007038096320689854	0.005360909181308939	0.006851356038147146	0.01319165468814049	0.05447822324076669	0.00799489532972914	0.005333509622009461	0.004785975600449297	0.010350932050867376	0.018237730167344722	0.00903317817910698	0.00747038016274615	0.009011761029333923	0.017470105936979723	0.008211303536880191	0.03238862323731507	0.005069217489488122	0.01010484382782758
0.0768001366532137	0.07561747371520189	0.0746505370883576	0.08778843709660872	0.10514414663954805	0.058953737201709974	0.04158940947235319	0.10855017896622605	0.03968831418348659	0.050511256418571106	0.14912199763951012	0.1092526795317607	0.08717993717031114	0.06747446434875566	0.09645397763843075	0.2198513220940382	0.06533569591772222	0.09715698562276717	0.1499906096966164	0.11356702680428826	0.034867479804274674	0.06144227482280205	0.03117343086793178	0.08394996417468573	0.06798102798868313	0.09149062350088323	0.14163966819496793	0.06020484412040197	0.05544547719101085	0.07347471016371414	0.060743591384672085	0.130217976400803	0.09307010058798554	0.03915364218120095	0.23259656983039545	0.09758550511148217	0.06338879606983731	0.09278020257705975	0.05232236828246987	0.09116680111892814	0.11057017759470382	0.05135234657494423	0.07221508158097918	0.17627706142815733	0.16052770987661144	0.044977819050140644	0.05534759929731806	0.09543019252006098	0.245301075023814	0.08815544931142552	0.05598373157404129	0.04953156511042196	0.031514132394306775	0.05103289347361433	0.05455605597097533	0.11039232270567052	0.05638274767331407	0.06726508294956125	0.024028162303999956	0.06844026717487636	0.040603261434823304	0.06632919015860214	0.11890570017821639	0.05270710673999034	0.08751767852656397	0.05951843346227307	0.09453272258794726	0.05127612192311148	0.08763905442021494	0.08140581195027233	0.05783190696946951	0.07324022859765426	0.15058101939567956	0.19346060664339018	0.06887297926019278	0.054315719586772	0.035360831440572595	0.05407157236613725	0.042672329348746076	0.04535479294979073	0.09305833494168432	0.06646870703221291	0.1637401780275083	0.1389645222488633	0.06360469628159589	0.06684089633823544	0.09719668365672605	0.08453272667757082	0.08554719515506044	0.1081914958473613	0.07600491467224431	0.04979467777217576	0.06382580056538306	0.044636712568095545	0.08054523198072056	0.06914438958136497	0.05441470009609113	0.05252979026301215	0.03763151074299199	0.09184353229927532	0.1139351211860068	0.10082157805432461	0.0465709705211142	0.06090850385574281	0.07379136340541342	0.11734265813175003	0.04734772616390952	0.0665697039233321	0.08085369139205409	0.059546817738215296	0.10032511841597598	0.0796613663358211	0.08881545087269069	0.06603579766141149	0.13554014948979787
0.02105655618862419	0.025533778715638132	0.010014516830542067	0.02082742594330119	0.01648522139393097	0.012489506920948575	0.009979085124423234	0.017423978673739193	0.01450043352034118	0.009271452500758141	0.014455111421593789	0.00857777630933473	0.006021461857267173	0.010451939472947813	0.009663567982049464	0.018833542676934333	0.006352763292436309	0.008089411451541455	0.03099703976662102	0.014874229520770069	0.014490867914594112	0.016230875586274555	0.005765427760161544	0.01362401041717386	0.010905858495274883	0.02774395775821085	0.013469108909700959	0.012032073671257472	0.006648678377606716	0.008095232130227285	0.010860001221377777	0.02370034545241686	0.01279109145746026	0.008356545617588378	0.03756521499692393	0.013700830355692478	0.011149077805111372	0.012083573758698856	0.01124712319628999	0.016631247983420167	0.02320619318763346	0.006935307335717478	0.014503156387997852	0.016591765235967913	0.024050828060221272	0.009259031085172096	0.012103974355340897	0.018006049586052876	0.016776174949855956	0.03392369437103015	0.023663810378729253	0.01063080724486362	0.021427718418414215	0.009038386766484743	0.01588654850051175	0.03931848348865118	0.008712990795544683	0.010020715376694715	0.030977065705255463	0.014992526439550024	0.009199403190123894	0.015372923507563306	0.0230548425543233	0.011272204250783884	0.01674759689935515	0.014433494398653744	0.0201825841577999	0.008540713020706725	0.011846974606598224	0.019026201470283624	0.01243832450451501	0.006572019151158491	0.049177790615395116	0.020224257763509036	0.008085020317400942	0.01302053729388422	0.006448120967549045	0.011472335981978386	0.008058777388458772	0.011233467493026063	0.009946138521199395	0.018198343637918536	0.030137022809241302	0.021358836070195338	0.012638373192399749	0.015038148557144975	0.015137190305579256	0.023274788962246835	0.011785448403991641	0.009812823746197815	0.022902334661123874	0.015726453953770723	0.01931904307978283	0.01802271236892781	0.019222951033369767	0.008433061455726842	0.019603202575202105	0.012314381708343876	0.007104776824961407	0.01345405207928995	0.019504570474794012	0.051926137801373964	0.017560812908528834	0.02808551424620537	0.008713854231713869	0.01692624548713508	0.025237329796907303	0.01615662724165908	0.020863137868969147	0.00850830978730756	0.029795509204003038	0.016764138554961647	0.029625971884163545	0.01399165323338377	0.025617170678862232
0.37342846261913515	0.38719614442073075	0.33540924362685715	0.5693064274988456	0.4986370412958519	0.24232760876109494	0.26677870896625244	0.6069914812976926	0.32901489535943623	0.2745927818890354	0.6525895696860565	0.5687657978394246	0.4605581709798057	0.37713678024222985	0.5119082523230166	1.2244131386804757	0.3519030115585134	0.29415847997128214	0.8557026892353893	0.3669752132998342	0.2992418465124877	0.3381758923708028	0.19153217178097975	0.5445594775581574	0.29461628202749984	0.6348600333217704	0.32263491852005194	0.43892713768614766	0.3217824378830888	0.43650124543686786	0.40673399595359794	0.630933241776385	0.4382647747419285	0.24631453031111195	1.2387755338757234	0.5736637383485383	0.42423140812066035	0.3958334582878791	0.26620953783934204	0.5475732166636105	0.7195777240861729	0.24974375935747037	0.36851814406188355	1.1137909309173193	0.8566116776076885	0.22967562852106252	0.3985081962855948	0.5450817793972532	1.0667554808175685	0.5392632360793933	0.40837233742390744	0.3167619286183279	0.2808566703567592	0.3462735426574466	0.3306512105819746	0.6843195090677736	0.32373956446179525	0.3464123006358175	1.010504533333349	0.3621851889118588	0.23718999996595466	0.3196153236976734	0.4857790552326109	0.29380866859350663	0.49049211316616187	0.3337777596407369	0.35137568440753136	0.2640757457683479	0.48932163289111424	0.45664917871057487	0.39322867124708566	0.3249034550231815	0.4964045320944057	1.078319569302051	0.4007538343504776	0.3017386017163956	0.2469194934513082	0.40600148061705	0.28230471464222845	0.17905463617135936	0.48460605032002635	0.4701337834268521	1.3405708609187053	0.8049747062428086	0.36997297539383167	0.4354000664734667	0.5945751289092941	0.40847179617926915	0.4704464752824367	0.7056221284209808	0.42023073963097995	0.33542930946749533	0.4456459161822222	0.3605967765905797	0.486294258465843	0.42887196185285725	0.4676736029591173	0.3264077820727545	0.22820039049335034	0.48310985117076954	0.560182547683607	0.7151459623566989	0.2820037835943486	0.49645139437058916	0.40316610433839134	0.7070284678201114	0.3870853931117455	0.43670468926400585	0.5097171818400291	0.3905852753650452	0.4864447512295824	0.47706645845763057	0.5249815288578821	0.38656187909897044	0.6115538333265255
53.44338230809176	48.47016292400585	70.36672275759257	42.53334280626857	60.18074732001963	61.547432338648186	52.53556088362999	44.507719997370835	50.68803054757045	53.7220422813833	98.82255896408654	140.7556657030817	41.46644931255923	58.3560714804084	67.56671309075004	114.25532058920041	57.30406789341026	72.8663948296265	74.81545257922967	61.222467797414176	40.45760753385461	69.79387736726399	47.783269525541314	73.6906843461013	53.220081974700115	51.591166849263175	58.649489064240846	42.743188672719505	50.36446445785251	67.24024235927473	49.60095302613468	75.43938282568035	74.30162633790091	46.830516181726615	39.35659946917088	52.38694307531578	43.610354441062526	60.10767346050815	65.84400432730736	51.93554517732741	62.17079738773592	50.97761268811764	63.96717582725853	45.78412720542105	127.97100759163096	58.37281056121864	55.25907857661723	54.54003008246645	80.39942480879195	46.290055869826475	57.728499164290184	42.79514616620643	49.95813732042654	53.605508044760626	60.14820203180256	78.66344931306399	51.24651873245768	48.47394341038255	98.65143891719345	50.85612566031669	42.15443060134463	33.009510563644625	59.03960257052777	38.38841359364278	61.219090132213694	34.50533660728448	72.86617023063415	31.77073929541663	68.50004019305514	59.20482620070508	45.71802491970517	50.286338783783876	150.05221519222584	68.47172719812527	39.85764578602627	58.71587491215906	46.704709361126206	54.56093763059801	51.75665264040581	56.21297613194279	63.8413057217317	66.92897924567377	76.49137591237512	70.87407291411627	51.242248662346526	65.6743297849761	74.32321352837526	58.172240620596	49.48238080264932	61.44039440257525	61.11915072555683	37.505642535041545	77.50165556253987	60.90031213862963	62.65820101616204	51.32739435294751	40.053129363508006	51.93824681294761	42.75957414770157	70.89461859265677	84.19618487604244	100.38097824314924	31.18725575138327	53.306891001736616	60.536762815649205	33.49076323951816	45.16996439591989	47.12620906739594	102.64013075849944	68.84369250814468	46.178077468825336	61.446604516145904	60.02685313869919	50.45673924671376	91.09161542143995
0.03436813780303665	0.020748373665294747	0.014339160174587853	0.03216331384766512	0.021130527761705303	0.020433086004432294	0.029602227918483905	0.02536935627181336	0.013540691655006097	0.020711890081583525	0.03230546507591184	0.04055677889928466	0.021082652631434457	0.021827456770144634	0.03506893850628823	0.03251570895438403	0.01756641737212136	0.01230168660471901	0.03568469752394457	0.02056086102053775	0.036665618182875906	0.026562792611150247	0.013922199632376255	0.03660157194939747	0.011383783301974065	0.031849477121742756	0.01928611103688877	0.019886375649490865	0.01324949927037826	0.013513676984533114	0.024532845474753186	0.041210344874226104	0.015236708946232165	0.011316488752912763	0.061744363181171394	0.029844448431387532	0.01751735648782605	0.02068528988831711	0.024203653393308662	0.038404443120159275	0.03892170185372688	0.015274129442885037	0.02544526418607765	0.03781629535325209	0.05399889211697139	0.022764485079329006	0.027036862466764202	0.016527973934454904	0.0069707970946582595	0.04494218295421615	0.04907663443564597	0.021943700968270377	0.025492379481834988	0.02637673593104748	0.03383428785930268	0.044420252753447215	0.012305778633493459	0.012115495294895851	0.07632170786911859	0.015943532322311126	0.01735522154682255	0.020119259629102364	0.029587812725943515	0.024790753120255284	0.029131667550477604	0.029478816267136543	0.010586522347717096	0.011614642167581533	0.03372419514924429	0.03360234052506027	0.014804920019888217	0.013650667639031283	0.1368251370453218	0.03430559385530125	0.03357514678309009	0.02038186701347709	0.016940872394261168	0.021639240564352107	0.024111785071439747	0.01694171631109931	0.027483163565695953	0.020369989724335822	0.07943294912498498	0.02395310046030122	0.030247447441484946	0.03225418393200629	0.029621780229873492	0.026005882518073353	0.027546109371488818	0.014945361696596021	0.03510048716005611	0.03175225179366847	0.03243346908267407	0.034155312025595484	0.038934680803837905	0.019309936606317208	0.012385302628182137	0.025953488684230624	0.01880207519499025	0.023290670728997966	0.036623895637861725	0.03947873654799736	0.03148601132599387	0.060354015041494645	0.022292197479788525	0.034455307319428675	0.036237516919169106	0.0259384988882699	0.026786600206117298	0.02250252447928665	0.06017041889403912	0.03627424406073417	0.03322787197744222	0.027819461271172692	0.027527729238743054
0	0	0	0	0	0	0	0	0	0	0	0	0	0	0	0	0	0	0	0	0	0	0	0	0	0	0	0	0	0	0	0	0	0	0	0	0	0	0	0	0	0	0	0	0	0	0	0	0	0	0	0	0	0	0	0	0	0	0	0	0	0	0	0	0	0	0	0	0	0	0	0	0	0	0	0	0	0	0	0	0	0	0	0	0	0	0	0	0	0	0	0	0	0	0	0	0	0	0	0	0	0	0	0	0	0	0	0	0	0	0	0	0	0	0
