median_length	4.3512	4.4696	4.4548	4.6768	4.3808	4.1736	4.5584	4.81	4.3216	4.6176	4.292	4.5288	4.4696	4.7656	4.7952	4.588	4.7064	4.6472	4.6176	4.6176	3.996	4.4992	4.7064	4.6916	4.81	4.588	4.5584	4.4696	4.6916	4.7656	4.7064	4.2476	4.5288	4.588	4.9432	4.3364	4.3512	4.7064	4.3512	4.6916	4.5436	4.6176	4.5584	4.4992	4.6324	4.3512	4.2032	4.514	4.2032	4.3216	4.2328	4.6176	4.44	4.4696	4.3512	4.81	3.8184	4.144	3.996	4.3808	4.1144	4.6324	4.7952	4.2772	4.3068	4.3512	4.5288	4.2624	4.6768	4.6768	4.4844	4.5584	4.1736	4.6472	4.5288	4.4992	4.2624	4.0848	4.1884	4.6176	4.6768	4.4696	4.8544	4.9284	4.3956	4.4844	4.7952	4.1292	4.1736	4.2032	4.5436	4.5732	4.3808	4.6324	4.514	4.588	3.848	4.3808	4.2624	4.3068	4.6916	4.2624	4.514	4.4104	4.44	4.3956	4.144	4.5584	4.2032	4.3512	4.588	4.4252	4.3216	4.2328	4.4104
median_width	1.33910397	1.30120249	1.339937945	1.378458189	1.292617629	1.362354646	1.394839886	1.266510839	1.266005656	1.412152674	1.265766469	1.597117155	1.448302922	1.374664354	1.421668889	1.417245479	1.432509934	1.396781895	1.451206367	1.429923848	1.16138206	1.319665565	1.342397408	1.425954656	1.484356502	1.230776784	1.565422384	1.499301581	1.287308623	1.441569834	1.464231587	1.242131403	1.288516798	1.332879993	1.356008149	1.383269877	1.456771964	1.401930671	1.396442249	1.394992426	1.398985227	1.344457318	1.399776161	1.31944162	1.445038875	1.146063226	1.31175806	1.261308755	1.415718518	1.322564362	1.496759303	1.308425824	1.422412829	1.307470939	1.423201657	1.482342055	1.264563723	1.424235799	1.389252405	1.389164243	1.516355802	1.365917115	1.272071897	1.294075778	1.249368594	1.387255458	1.364158923	1.21203573	1.423137679	1.515334835	1.344477091	1.282218157	1.395972104	1.354297046	1.372545041	1.251588597	1.382336952	1.367850572	1.334990812	1.471738574	1.389141246	1.361916126	1.45924626	1.353617425	1.362490929	1.456786768	1.284746485	1.372072072	1.322396875	1.336923935	1.331161639	1.405059513	1.376230465	1.330966352	1.457181241	1.361417773	1.237717672	1.429957515	1.245115193	1.389992022	1.385404958	1.378030575	1.284190342	1.389599736	1.418599192	1.352463636	1.260973674	1.369557182	1.367237141	1.346273259	1.315293293	1.360278119	1.303734961	1.387968181	1.369979815
median_depth	0.769958204	0.757463533	0.743296966	0.793318695	0.940567184	0.791108183	0.778702326	0.682191529	0.724529162	0.778236516	0.854590052	0.738879747	0.754581015	0.683722309	0.701737991	0.839285306	0.690704731	0.785482457	0.76066103	0.760615328	0.799864392	0.780998202	0.70433891	0.796243534	0.754436077	0.735763767	0.826998695	0.760224416	0.697665634	0.752149278	0.751962179	0.84246645	0.912448373	0.794191786	0.745192405	0.754333221	0.797844879	0.78314978	0.729025874	0.692404568	0.683549223	0.722339866	0.86798432	0.816066529	0.757259684	0.740603735	0.75250182	0.794776947	0.705029579	0.872617423	0.693536153	0.769315021	0.717612743	0.713784214	0.651631134	0.773591007	0.747104622	0.759633966	0.658506928	0.796644042	0.700035633	0.877961523	0.863787588	0.738180258	0.744735069	0.772020611	0.859471411	0.773291528	0.796182789	0.749957601	0.702152117	0.701256983	0.977671688	0.716212074	0.671420691	0.774630973	0.654387895	0.707748168	0.701515957	0.718720275	0.703684862	0.759989061	0.653558234	0.831296208	0.760716425	0.711374253	0.747531783	0.836663513	0.737004119	0.853308246	0.787676198	0.705230057	0.728766385	0.762482128	0.745875283	0.766127833	0.712739888	0.752932556	0.783192502	0.837472314	0.723457984	0.810184751	0.738211669	0.756136834	0.72153063	0.822488308	0.725782961	0.735518929	0.804250158	0.779097297	0.747214118	0.726839747	0.772812498	0.753093657	0.862684008
median_circularity	0.465592604	0.488841535	0.542480433	0.512524875	0.459445519	0.531542123	0.520485785	0.554068422	0.459002583	0.532444946	0.474668056	0.50224408	0.516501504	0.520875794	0.513111121	0.584759927	0.508198135	0.542893166	0.5183666	0.529513646	0.497315129	0.527353379	0.511754446	0.544515913	0.546083706	0.508441895	0.520618713	0.468667541	0.490822569	0.569526223	0.548402027	0.473882038	0.485620263	0.532244348	0.523097535	0.504304314	0.493668444	0.545307116	0.511129064	0.51467253	0.535538793	0.550004523	0.463034291	0.519777284	0.580200835	0.4820285	0.481572714	0.505110561	0.571685816	0.483512393	0.509823608	0.52354297	0.484767471	0.506854476	0.496064722	0.490797297	0.485990694	0.509968378	0.492842701	0.508911607	0.487367262	0.505726826	0.501488107	0.50733769	0.491368953	0.483113392	0.482652447	0.517094777	0.495788967	0.500111946	0.521093484	0.509169986	0.517773005	0.517290368	0.539025257	0.507782235	0.523513174	0.492765485	0.515509973	0.517560883	0.571069777	0.470807342	0.518212413	0.55659223	0.555755732	0.513080599	0.506047151	0.542291053	0.525608277	0.482020598	0.479218789	0.493985176	0.509847606	0.513540096	0.534629616	0.498565976	0.507910274	0.502928894	0.503556622	0.450446728	0.549336899	0.501595293	0.485160594	0.516489578	0.487797866	0.52214086	0.481237439	0.497424919	0.499281593	0.483325785	0.560036391	0.568421902	0.531132826	0.476997662	0.47665251
median_volume	1.788950497	1.929151518	2.011635673	2.266440525	2.200684016	2.018897287	2.053480724	1.991536563	1.486037453	2.30762425	1.954943215	2.176357608	2.179314123	2.087325033	2.118926021	2.568795981	2.08001155	2.314406079	2.216490993	2.22053675	1.559742836	2.059523425	2.045052065	2.392559201	2.453543792	1.973706707	2.464384344	1.927206442	1.703600598	2.471671892	2.354474628	1.927971505	2.292413762	2.156206629	2.153509458	1.882184435	2.115749065	2.388163331	1.888875494	1.961867683	2.066071845	2.150137995	2.235306354	2.212250729	2.315624993	1.60409055	1.785190019	2.013502946	1.906290401	2.098788009	1.951429112	2.067070317	1.970490849	1.791025244	1.796341783	2.206947158	1.439251911	1.944271236	1.586934987	2.10276893	1.79548595	2.249181224	2.392649971	1.775892559	1.791997782	1.907055463	2.067407463	1.739675259	2.07570645	2.237873853	1.882599385	1.753135179	2.367675205	2.290235278	1.877671861	1.9295535	1.796367717	1.762782752	1.700760788	2.105505002	2.093575208	1.757232804	2.111884849	2.297017107	1.981525909	2.131491207	1.877619992	2.115736098	1.824091523	2.01723749	1.951831095	1.915017305	1.974251328	2.003881307	2.193163058	1.965278048	1.425558581	1.899819784	1.812550743	1.915043239	2.2451225	1.866883177	1.756182464	1.939888333	1.753420457	2.127147206	1.433312948	1.976689156	1.905810615	1.835347024	2.100577479	2.134512557	1.945749493	1.782440979	2.126926764
median_crease_depth	0.436004339	0.411234671	0.354624949	0.375690056	0.513427653	0.401639767	0.380488008	0.318763949	0.40466223	0.325578519	0.455275374	0.352519966	0.365294565	0.293911071	0.330385603	0.362108406	0.346935475	0.343081096	0.38263236	0.363696492	0.402574945	0.341634678	0.355082551	0.366363627	0.338211607	0.386666909	0.42560005	0.449310033	0.367994722	0.330569984	0.356163947	0.487095147	0.507887363	0.377676766	0.340218042	0.401446302	0.408733664	0.366244249	0.370450426	0.325683286	0.343917575	0.327887207	0.484641014	0.425804017	0.297183105	0.410446443	0.405322129	0.421173544	0.327026158	0.443535263	0.35935409	0.358585967	0.369647417	0.376529969	0.35530009	0.391492412	0.430265729	0.381931832	0.347453331	0.403936931	0.367125064	0.455431249	0.46455795	0.408734919	0.416902634	0.409909624	0.44342395	0.391736088	0.419035222	0.359689136	0.352208708	0.339883532	0.473871736	0.361810065	0.306166747	0.40607789	0.311445921	0.358649316	0.361206651	0.345614873	0.303012117	0.45280813	0.32549294	0.390426555	0.328989203	0.338254099	0.415963878	0.424399648	0.422998327	0.444244807	0.42725022	0.364902225	0.358021249	0.395775654	0.391010303	0.421177034	0.384883063	0.407749535	0.414675047	0.497478156	0.3636735	0.409974568	0.396556351	0.390657889	0.391356938	0.436496732	0.409941149	0.363343229	0.406143439	0.440085872	0.348634127	0.329039193	0.396500044	0.401887232	0.473097476
median_surface_area	14.14706347	13.97183147	14.54659243	15.76095019	16.05241941	13.73877291	14.60967595	14.12545152	12.43329451	15.38595371	14.89004715	15.41691136	15.96305109	15.25336149	15.27497344	16.56292864	14.98700885	14.96013995	15.68092757	15.28548736	11.93096277	13.9134208	14.91341141	16.50393387	16.44902784	14.03725141	15.69845077	15.16224085	14.28257621	16.31994027	15.65756331	15.02964864	15.51737771	15.33163179	14.08982101	14.43502805	15.47824256	15.7533568	13.96482219	15.65289045	14.09683029	14.631872	15.98583125	15.4379392	15.40055637	12.85969237	12.77558101	14.74402048	13.19789013	14.81995435	13.9484672	14.71481515	14.27323051	13.95898112	13.82230016	16.3140992	12.01156949	14.10033493	12.60385365	14.85208021	13.97299968	15.71013291	15.78373035	13.41809835	13.25104384	14.76913707	15.02205525	12.75104853	15.66924544	16.08045653	14.33689813	13.87895851	16.94727083	14.73934763	13.62019925	14.90873856	13.20314709	14.02323285	13.37078571	15.51270485	14.31528619	13.86143531	15.39588352	15.7796416	14.26446891	14.73876352	14.43678037	13.7732352	12.77558101	14.25220267	14.80359936	14.79074901	14.44028501	14.72124032	14.56353152	14.74402048	11.54311595	14.35851008	13.48935936	15.19436672	14.79892651	14.13888597	13.86201941	14.50453675	14.30126763	15.1049984	11.98470059	15.25452971	14.30827691	13.68094635	14.28491264	14.01096661	13.57931179	14.17860523	14.90990677
median_z	914.341816	964.5227198	825.3690841	862.3349666	972.7595754	881.2521424	766.8688112	1045.022848	920.6454346	677.7479056	907.8951292	487.5290845	876.8638789	672.090369	957.7815488	887.4841893	753.581208	1096.937198	803.5803954	1026.315573	1021.869119	484.0475368	696.2222584	846.6838935	957.1543723	815.6940604	717.392004	819.0548619	926.2735654	730.4859687	801.5955957	855.5668018	830.5380734	798.7058552	1028.282751	991.548015	896.0163353	682.3121904	539.5170371	912.0244878	928.2607589	747.6911718	748.3744845	1007.107383	930.8636708	952.0510749	806.9857571	936.4609988	1101.724399	811.7111954	861.2752498	723.0825745	1056.084501	900.908887	862.3902946	733.8279017	821.4815331	720.9091367	873.5769642	942.9502331	784.8879917	983.3857431	629.4853706	987.9232152	1095.781552	814.1961836	847.3864277	842.9633239	1037.389684	812.7558116	854.5701644	1018.684577	1175.741181	876.3169606	972.2956416	833.0092032	737.2635396	921.2610276	883.2945463	718.3558807	747.3512682	890.6759166	944.1921354	1032.517095	888.4035924	933.6235398	918.1893506	838.8038948	931.9842036	1022.318247	596.87295	791.487556	904.0755016	807.6574854	980.2668726	824.5108929	1097.879993	835.434444	970.2452598	773.0330118	913.0891634	942.7267726	763.6770485	925.8041854	641.6212765	1119.942794	856.5636365	897.669572	929.3571608	957.6632848	891.4846334	777.3682458	906.8094901	845.8056578	947.0879941
median_geometry_ratio	0.392214603	0.457957028	0.467292103	0.473021682	0.375868568	0.400730284	0.481547725	0.614701112	0.489168845	0.480539869	0.371834528	0.450450023	0.451898672	0.589933552	0.595398399	0.459990082	0.574901007	0.450106113	0.485036218	0.455693591	0.373228193	0.465735076	0.564730501	0.483912618	0.518110111	0.528438851	0.402697314	0.434558751	0.562596373	0.519274919	0.508675844	0.392586474	0.379861904	0.454919577	0.509079537	0.466305181	0.415076589	0.477579726	0.470348504	0.586984066	0.560298597	0.532536046	0.40773015	0.44209189	0.430734598	0.465606809	0.425154105	0.448916267	0.453696206	0.380060474	0.487114459	0.493691489	0.481785879	0.521191394	0.544161977	0.510962645	0.348459362	0.437055876	0.47372237	0.434886098	0.434134555	0.415966751	0.469490592	0.386044688	0.474891726	0.449168718	0.415465251	0.424815532	0.436244451	0.515953772	0.523369929	0.558802429	0.272939695	0.493871059	0.539703778	0.474356099	0.502337894	0.495235379	0.488720459	0.534445397	0.569460671	0.425813173	0.560588844	0.483329007	0.45911524	0.510321975	0.534898683	0.363144184	0.407213413	0.341103404	0.429850416	0.551132087	0.480222088	0.466939757	0.452471034	0.440452199	0.404185873	0.438804741	0.422493823	0.38800678	0.498492897	0.402446329	0.501247149	0.424420566	0.47376774	0.413140804	0.438095243	0.546775975	0.371776334	0.379277258	0.503222347	0.458624152	0.437191539	0.437007431	0.408478261
median_grain_count	9	7	14	14	11	12	17	8	7	18	8	5	14	17	6	5	23	7	10	10	9	19	21	6	10	15	3	19	12	13	15	10	12	16	3	12	20	17	23	8	8	25	17	4	4	11	13	12	4	16	13	19	11	23	13	10	13	21	2	10	25	8	11	18	6	24	11	19	7	15	22	6	3	7	15	20	23	9	16	15	12	10	5	8	14	12	9	16	11	8	16	22	9	12	8	15	5	15	25	10	6	11	20	8	18	4	13	17	13	9	11	14	17	20	10
se_length	0.163843123	0.032203841	0.082821231	0.120605556	0.116916826	0.068499729	0.117030182	0.08887705	0.073565801	0.075312514	0.219194053	0.198121094	0.097122697	0.047285044	0.106290152	0.164646258	0.091601032	0.124198165	0.147195324	0.091014318	0.108133945	0.090623124	0.052036061	0.070046385	0.057030699	0.178860963	0.258046817	0.078875233	0.066736896	0.062653322	0.070509447	0.218621823	0.097183935	0.042571444	0.203884586	0.124493933	0.059746634	0.10409447	0.094486387	0.090706615	0.092595094	0.057320154	0.087464877	0.12463381	0.457983682	0.097461443	0.099227008	0.071533333	0.195738976	0.097911443	0.184444824	0.069080331	0.084479118	0.102085605	0.124167138	0.100431811	0.069648046	0.074775205	0.148	0.084554513	0.047606028	0.067359165	0.081583819	0.104415938	0.090321775	0.074739876	0.124073964	0.06354352	0.122287868	0.114720345	0.084126652	0.077439192	0.272541552	0.148100646	0.142556872	0.073690891	0.051485573	0.093444389	0.098384524	0.063515589	0.129509076	0.075148772	0.253421641	0.163471343	0.096739569	0.088058775	0.150644036	0.15525237	0.166249407	0.125262507	0.106028297	0.07853627	0.091780038	0.104976355	0.166388375	0.07867921	0.082136667	0.111161664	0.078773084	0.114300127	0.142162198	0.253117156	0.077369357	0.175288982	0.115981175	0.151413958	0.097341236	0.096748953	0.106643325	0.096812957	0.076195979	0.112418658	0.20267324	0.09937369	0.128038772
se_width	0.062410683	0.013403133	0.013943322	0.012825991	0.055492378	0.025995735	0.011545697	0.028061759	0.022296727	0.022290196	0.041068089	0.102063006	0.01633586	0.02156867	0.009252197	0.025293779	0.023090321	0.042606912	0.050106749	0.023926411	0.008710983	0.0215381	0.022276845	0.029846108	0.023104531	0.029532644	0.012227754	0.016004146	0.011324801	0.021353366	0.011801821	0.064282797	0.03514241	0.015315596	0.030042884	0.044943849	0.022582653	0.019849987	0.011114639	0.015394297	0.021367426	0.01503096	0.021283112	0.070385635	0.136902071	0.022673309	0.028267177	0.024374821	0.028424584	0.032221064	0.041728461	0.017736713	0.026928897	0.021700613	0.048116727	0.051498313	0.010883072	0.01332414	0.131387724	0.017739959	0.015273226	0.033801398	0.033507802	0.014408655	0.025355294	0.022353947	0.042766541	0.011781062	0.037158887	0.013755192	0.018441196	0.014260196	0.031723505	0.031015067	0.028358999	0.017025434	0.013154696	0.049382708	0.020447512	0.012908504	0.020160082	0.02253943	0.031089294	0.063750726	0.012336974	0.011551057	0.020235884	0.022934817	0.037685022	0.033446508	0.028209736	0.023571654	0.048831034	0.018023044	0.024787084	0.025958335	0.027170894	0.02795039	0.00977734	0.036364272	0.063449494	0.05929456	0.01681147	0.016277447	0.020822635	0.005126424	0.029192169	0.026852598	0.020223992	0.044158595	0.043193545	0.029322616	0.04272929	0.030971352	0.033823404
se_depth	0.024162223	0.024982642	0.014015815	0.037161346	0.029428246	0.018573793	0.027482663	0.022474759	0.018654584	0.013071658	0.027484233	0.022806266	0.017232714	0.017715941	0.022195466	0.047982697	0.014182614	0.014074678	0.036399416	0.027887759	0.028532239	0.023207847	0.011001434	0.039675796	0.015391035	0.022866065	0.032784527	0.017680969	0.009360522	0.010916399	0.021989006	0.036783673	0.027318176	0.012934317	0.046729888	0.02258505	0.016738516	0.016905737	0.023258954	0.025812918	0.036345333	0.011708329	0.026298229	0.042102332	0.046393372	0.017081874	0.019361434	0.024199601	0.032224355	0.046997048	0.03830391	0.015866944	0.021681055	0.013213225	0.021305395	0.039505792	0.01284656	0.015183478	0.053126809	0.01668645	0.012568814	0.015130019	0.02951891	0.020465485	0.02464674	0.020807516	0.027749418	0.011106104	0.024623937	0.030349778	0.013897162	0.016627501	0.119226165	0.032597914	0.018683618	0.018774475	0.012416716	0.01082723	0.016037735	0.012637856	0.021923092	0.015873513	0.061093545	0.032258562	0.022055877	0.028113723	0.020478558	0.015568995	0.018898324	0.01526972	0.030159083	0.021158768	0.025531294	0.029524142	0.02889062	0.01425353	0.015715645	0.018999144	0.013516607	0.03030385	0.02926032	0.031320602	0.025264247	0.056804189	0.013217761	0.031173353	0.026816537	0.01990048	0.030620484	0.019191143	0.037686652	0.028606496	0.018203314	0.022193714	0.037819429
se_circularity	0.012101643	0.018901764	0.0050942	0.006602889	0.005425842	0.006438433	0.004742207	0.010163249	0.008469367	0.005681483	0.01331824	0.017410786	0.003593366	0.005642504	0.007333575	0.012177714	0.004442103	0.019527216	0.022054365	0.010201845	0.00737011	0.007034939	0.0055466	0.009142007	0.009686745	0.028472507	0.002111579	0.005910566	0.004729526	0.00820495	0.004976151	0.012763796	0.007156932	0.003119477	0.016655358	0.005632306	0.006203686	0.008477058	0.003925564	0.007864763	0.00984754	0.004942888	0.005768107	0.008966832	0.023957823	0.007903316	0.009386998	0.010434214	0.007670916	0.017559275	0.010348033	0.006649655	0.007658122	0.007105295	0.012211983	0.021048239	0.004182677	0.004684034	0.020520119	0.007573709	0.004446506	0.005837446	0.012278473	0.005870268	0.005428821	0.00819359	0.008118275	0.006388892	0.009901605	0.006440339	0.007847729	0.005411913	0.013400472	0.01506946	0.006680325	0.007122149	0.004334201	0.008925287	0.004981279	0.004957396	0.007730145	0.007008974	0.012265477	0.014624139	0.007183239	0.004611162	0.006638902	0.020583497	0.009790433	0.004248871	0.015078474	0.009419109	0.010998795	0.004404835	0.011127147	0.004753735	0.015104613	0.007038096	0.005360909	0.006851356	0.013191655	0.054478223	0.007994895	0.00533351	0.004785976	0.010350932	0.01823773	0.009033178	0.00747038	0.009011761	0.017470106	0.008211304	0.032388623	0.005069217	0.010104844
se_volume	0.076800137	0.075617474	0.074650537	0.087788437	0.105144147	0.058953737	0.041589409	0.108550179	0.039688314	0.050511256	0.149121998	0.10925268	0.087179937	0.067474464	0.096453978	0.219851322	0.065335696	0.097156986	0.14999061	0.113567027	0.03486748	0.061442275	0.031173431	0.083949964	0.067981028	0.091490624	0.141639668	0.060204844	0.055445477	0.07347471	0.060743591	0.130217976	0.093070101	0.039153642	0.23259657	0.097585505	0.063388796	0.092780203	0.052322368	0.091166801	0.110570178	0.051352347	0.072215082	0.176277061	0.16052771	0.044977819	0.055347599	0.095430193	0.245301075	0.088155449	0.055983732	0.049531565	0.031514132	0.051032893	0.054556056	0.110392323	0.056382748	0.067265083	0.024028162	0.068440267	0.040603261	0.06632919	0.1189057	0.052707107	0.087517679	0.059518433	0.094532723	0.051276122	0.087639054	0.081405812	0.057831907	0.073240229	0.150581019	0.193460607	0.068872979	0.05431572	0.035360831	0.054071572	0.042672329	0.045354793	0.093058335	0.066468707	0.163740178	0.138964522	0.063604696	0.066840896	0.097196684	0.084532727	0.085547195	0.108191496	0.076004915	0.049794678	0.063825801	0.044636713	0.080545232	0.06914439	0.0544147	0.05252979	0.037631511	0.091843532	0.113935121	0.100821578	0.046570971	0.060908504	0.073791363	0.117342658	0.047347726	0.066569704	0.080853691	0.059546818	0.100325118	0.079661366	0.088815451	0.066035798	0.135540149
se_crease_depth	0.021056556	0.025533779	0.010014517	0.020827426	0.016485221	0.012489507	0.009979085	0.017423979	0.014500434	0.009271453	0.014455111	0.008577776	0.006021462	0.010451939	0.009663568	0.018833543	0.006352763	0.008089411	0.03099704	0.01487423	0.014490868	0.016230876	0.005765428	0.01362401	0.010905858	0.027743958	0.013469109	0.012032074	0.006648678	0.008095232	0.010860001	0.023700345	0.012791091	0.008356546	0.037565215	0.01370083	0.011149078	0.012083574	0.011247123	0.016631248	0.023206193	0.006935307	0.014503156	0.016591765	0.024050828	0.009259031	0.012103974	0.01800605	0.016776175	0.033923694	0.02366381	0.010630807	0.021427718	0.009038387	0.015886549	0.039318483	0.008712991	0.010020715	0.030977066	0.014992526	0.009199403	0.015372924	0.023054843	0.011272204	0.016747597	0.014433494	0.020182584	0.008540713	0.011846975	0.019026201	0.012438325	0.006572019	0.049177791	0.020224258	0.00808502	0.013020537	0.006448121	0.011472336	0.008058777	0.011233467	0.009946139	0.018198344	0.030137023	0.021358836	0.012638373	0.015038149	0.01513719	0.023274789	0.011785448	0.009812824	0.022902335	0.015726454	0.019319043	0.018022712	0.019222951	0.008433061	0.019603203	0.012314382	0.007104777	0.013454052	0.01950457	0.051926138	0.017560813	0.028085514	0.008713854	0.016926245	0.02523733	0.016156627	0.020863138	0.00850831	0.029795509	0.016764139	0.029625972	0.013991653	0.025617171
se_surface_area	0.373428463	0.387196144	0.335409244	0.569306427	0.498637041	0.242327609	0.266778709	0.606991481	0.329014895	0.274592782	0.65258957	0.568765798	0.460558171	0.37713678	0.511908252	1.224413139	0.351903012	0.29415848	0.855702689	0.366975213	0.299241847	0.338175892	0.191532172	0.544559478	0.294616282	0.634860033	0.322634919	0.438927138	0.321782438	0.436501245	0.406733996	0.630933242	0.438264775	0.24631453	1.238775534	0.573663738	0.424231408	0.395833458	0.266209538	0.547573217	0.719577724	0.249743759	0.368518144	1.113790931	0.856611678	0.229675629	0.398508196	0.545081779	1.066755481	0.539263236	0.408372337	0.316761929	0.28085667	0.346273543	0.330651211	0.684319509	0.323739564	0.346412301	1.010504533	0.362185189	0.23719	0.319615324	0.485779055	0.293808669	0.490492113	0.33377776	0.351375684	0.264075746	0.489321633	0.456649179	0.393228671	0.324903455	0.496404532	1.078319569	0.400753834	0.301738602	0.246919493	0.406001481	0.282304715	0.179054636	0.48460605	0.470133783	1.340570861	0.804974706	0.369972975	0.435400066	0.594575129	0.408471796	0.470446475	0.705622128	0.42023074	0.335429309	0.445645916	0.360596777	0.486294258	0.428871962	0.467673603	0.326407782	0.22820039	0.483109851	0.560182548	0.715145962	0.282003784	0.496451394	0.403166104	0.707028468	0.387085393	0.436704689	0.509717182	0.390585275	0.486444751	0.477066458	0.524981529	0.386561879	0.611553833
se_z	53.44338231	48.47016292	70.36672276	42.53334281	60.18074732	61.54743234	52.53556088	44.50772	50.68803055	53.72204228	98.82255896	140.7556657	41.46644931	58.35607148	67.56671309	114.2553206	57.30406789	72.86639483	74.81545258	61.2224678	40.45760753	69.79387737	47.78326953	73.69068435	53.22008197	51.59116685	58.64948906	42.74318867	50.36446446	67.24024236	49.60095303	75.43938283	74.30162634	46.83051618	39.35659947	52.38694308	43.61035444	60.10767346	65.84400433	51.93554518	62.17079739	50.97761269	63.96717583	45.78412721	127.9710076	58.37281056	55.25907858	54.54003008	80.39942481	46.29005587	57.72849916	42.79514617	49.95813732	53.60550804	60.14820203	78.66344931	51.24651873	48.47394341	98.65143892	50.85612566	42.1544306	33.00951056	59.03960257	38.38841359	61.21909013	34.50533661	72.86617023	31.7707393	68.50004019	59.2048262	45.71802492	50.28633878	150.0522152	68.4717272	39.85764579	58.71587491	46.70470936	54.56093763	51.75665264	56.21297613	63.84130572	66.92897925	76.49137591	70.87407291	51.24224866	65.67432978	74.32321353	58.17224062	49.4823808	61.4403944	61.11915073	37.50564254	77.50165556	60.90031214	62.65820102	51.32739435	40.05312936	51.93824681	42.75957415	70.89461859	84.19618488	100.3809782	31.18725575	53.306891	60.53676282	33.49076324	45.1699644	47.12620907	102.6401308	68.84369251	46.17807747	61.44660452	60.02685314	50.45673925	91.09161542
se_geometry_ratio	0.034368138	0.020748374	0.01433916	0.032163314	0.021130528	0.020433086	0.029602228	0.025369356	0.013540692	0.02071189	0.032305465	0.040556779	0.021082653	0.021827457	0.035068939	0.032515709	0.017566417	0.012301687	0.035684698	0.020560861	0.036665618	0.026562793	0.0139222	0.036601572	0.011383783	0.031849477	0.019286111	0.019886376	0.013249499	0.013513677	0.024532845	0.041210345	0.015236709	0.011316489	0.061744363	0.029844448	0.017517356	0.02068529	0.024203653	0.038404443	0.038921702	0.015274129	0.025445264	0.037816295	0.053998892	0.022764485	0.027036862	0.016527974	0.006970797	0.044942183	0.049076634	0.021943701	0.025492379	0.026376736	0.033834288	0.044420253	0.012305779	0.012115495	0.076321708	0.015943532	0.017355222	0.02011926	0.029587813	0.024790753	0.029131668	0.029478816	0.010586522	0.011614642	0.033724195	0.033602341	0.01480492	0.013650668	0.136825137	0.034305594	0.033575147	0.020381867	0.016940872	0.021639241	0.024111785	0.016941716	0.027483164	0.02036999	0.079432949	0.0239531	0.030247447	0.032254184	0.02962178	0.026005883	0.027546109	0.014945362	0.035100487	0.031752252	0.032433469	0.034155312	0.038934681	0.019309937	0.012385303	0.025953489	0.018802075	0.023290671	0.036623896	0.039478737	0.031486011	0.060354015	0.022292197	0.034455307	0.036237517	0.025938499	0.0267866	0.022502524	0.060170419	0.036274244	0.033227872	0.027819461	0.027527729
se_grain_count	0	0	0	0	0	0	0	0	0	0	0	0	0	0	0	0	0	0	0	0	0	0	0	0	0	0	0	0	0	0	0	0	0	0	0	0	0	0	0	0	0	0	0	0	0	0	0	0	0	0	0	0	0	0	0	0	0	0	0	0	0	0	0	0	0	0	0	0	0	0	0	0	0	0	0	0	0	0	0	0	0	0	0	0	0	0	0	0	0	0	0	0	0	0	0	0	0	0	0	0	0	0	0	0	0	0	0	0	0	0	0	0	0	0	0
max_length	4.7656	4.4992	4.6472	5.0024	4.9136	4.6176	4.9136	5.032	4.6472	4.884	4.8248	4.884	5.0024	4.9728	5.0024	5.0616	5.0024	4.7064	4.9728	4.8248	4.588	4.9728	5.0616	4.9728	5.032	5.0616	4.9136	4.8544	4.9136	5.0616	4.9432	4.884	4.7952	4.8248	5.032	4.6472	4.7656	5.0616	4.9728	4.9728	4.9136	4.9432	4.8248	4.7656	5.0616	4.7952	4.6176	4.7064	4.8544	4.6768	4.884	4.9432	4.736	5.0024	4.7952	5.0616	4.3216	4.884	4.144	4.8544	4.4696	4.8544	5.0616	4.6176	4.6768	4.9728	4.7064	4.736	4.884	5.0616	4.9136	4.7656	4.8248	5.032	4.9728	4.9432	4.6768	4.6176	4.7952	4.9432	5.032	4.7952	4.9432	5.0616	4.8544	5.0024	4.9432	4.6176	4.4992	4.4992	4.8544	5.0024	4.6472	4.884	5.0616	4.9136	4.0848	4.6472	4.9136	4.6176	4.9432	4.588	5.0616	4.7064	5.0616	4.8248	4.6768	5.032	4.6768	4.6768	5.0616	4.9728	4.7952	4.7064	4.8248
max_width	1.848403388	1.331299803	1.460009169	1.438814064	1.827626205	1.533583438	1.432240491	1.360987631	1.34045887	1.575627884	1.475313252	1.749874233	1.534830248	1.529019025	1.437951681	1.426923253	1.874019099	1.680931701	1.526878387	1.48892627	1.206215017	1.502190141	1.67135621	1.528237669	1.616491422	1.453805239	1.579803081	1.631919642	1.332802293	1.598234415	1.511487654	1.854121443	1.6723681	1.450802021	1.421075892	1.668989655	1.66038599	1.513832143	1.513106368	1.426919858	1.462523779	1.526384955	1.629565121	1.463368684	1.985483938	1.298587442	1.42650604	1.351228489	1.480954377	1.431821454	1.953259476	1.458218487	1.659696474	1.615981298	1.801146025	1.602327031	1.314208169	1.595789933	1.52064013	1.433592606	1.723820033	1.510092412	1.386032544	1.443669459	1.328267857	1.483934821	1.755299434	1.312293016	1.647313082	1.622886953	1.663889241	1.314464009	1.479490698	1.484071234	1.655213516	1.429186565	1.542043392	1.647068943	1.529984539	1.533228802	1.555618467	1.436065496	1.50890729	1.749700535	1.415522656	1.49725398	1.350968098	1.434089401	1.576128131	1.410119832	1.434650679	1.623169216	1.765167638	1.445469565	1.625168226	1.59616961	1.287650903	1.788762265	1.338915917	1.497119965	1.759020457	1.539447954	1.392784907	1.473181901	1.616389257	1.370262513	1.494854504	1.495817119	1.449705374	1.701570722	1.459154202	1.574386786	1.541126833	1.872854587	1.581568365
max_depth	0.861561512	0.885301376	0.802760179	1.220201764	1.020432564	0.93910164	1.128549116	0.745969433	0.77399435	0.894691918	0.932271141	0.805388617	0.877981323	0.774766555	0.759755236	0.921036775	0.786850708	0.822011764	0.832185882	0.896640692	0.910056417	1.018511303	0.785945609	0.924184733	0.848517011	0.856765058	0.83883994	0.88162339	0.778940862	0.804299505	0.981168024	1.005190523	1.016072652	0.869586122	0.807656733	0.878622735	0.941180588	0.968024803	1.154259406	0.773307833	0.879975859	0.861440823	1.09000973	0.904637521	0.842862151	0.855030139	0.923798977	0.860062478	0.823137707	1.122362342	1.103266483	0.915455623	0.888673483	0.830145119	0.828568369	0.867647913	0.848702135	0.83706009	0.711633737	0.85373331	0.77895918	0.930029297	0.932172539	0.947988479	0.848096685	0.910167196	0.896721011	0.875681397	0.879379858	1.003587845	0.831177507	0.721884965	0.980844872	0.892403552	0.827250919	0.946289599	0.777436759	0.754034972	0.872913985	0.818641802	0.849177624	0.822066658	0.93518655	0.868372468	0.904547994	0.935300746	0.841161306	0.941910278	0.867564575	0.934553048	0.957418179	0.884077273	0.848326982	1.030997195	0.967235025	0.90130402	0.755045484	0.886921611	0.987011304	0.985531092	0.848309322	1.012641085	0.917087562	1.119501323	0.915046824	0.874830428	0.81431665	0.788835505	1.03058351	0.8941648	0.816970921	0.979213722	0.908679855	0.990311169	0.968430728
max_circularity	0.530680101	0.584617427	0.570474446	0.546909049	0.487229473	0.587226062	0.564237729	0.623072307	0.510089335	0.573353575	0.524153819	0.562234917	0.546072453	0.572514158	0.543558717	0.598498024	0.547079452	0.584962986	0.650385657	0.550481683	0.529045792	0.60950788	0.568020703	0.573549823	0.604925017	0.916620352	0.524364172	0.511510672	0.519421739	0.61397034	0.586167712	0.571501686	0.527808657	0.551241582	0.572898953	0.532683954	0.559112451	0.618846954	0.541799905	0.547679317	0.602043844	0.616585765	0.483592565	0.545380262	0.595259666	0.515456098	0.565051903	0.586738338	0.577046842	0.686236451	0.559076156	0.590236735	0.551733616	0.578405935	0.538464905	0.667006194	0.505849725	0.54290814	0.51336282	0.550400049	0.545907236	0.522795497	0.616133565	0.550695276	0.499281707	0.659905461	0.523901266	0.582760125	0.525275159	0.542017444	0.577520216	0.533398705	0.529787762	0.565924224	0.578702141	0.552121419	0.564263188	0.543157607	0.544406718	0.557896971	0.597625362	0.514883869	0.56087005	0.626490343	0.61331786	0.54625949	0.527376336	0.864509482	0.556541476	0.510059966	0.709485603	0.664664741	0.561336254	0.541075462	0.568917338	0.541842557	0.556385694	0.540517747	0.555843863	0.497205708	0.565216106	0.942643307	0.573856615	0.538345246	0.528631345	0.549782181	0.646830309	0.629240254	0.536808239	0.534986325	0.714912829	0.624954617	0.973307919	0.507751803	0.524844461
max_volume	2.019558613	2.11009538	2.174360665	2.546985204	2.559848635	2.205404065	2.290779899	2.296874468	1.711121555	2.443507204	2.241686201	2.533551218	2.43116246	2.448694071	2.299208558	2.882731118	2.293503004	2.550875355	2.480541435	2.496594789	1.691048379	2.513737385	2.153535393	2.741829871	2.690531754	2.164116602	2.61628175	2.49677633	1.899664178	2.707025992	2.723753638	2.312875953	2.552898233	2.421229609	2.590995772	2.391171714	2.379215985	2.75785729	2.274545005	2.273715106	2.221120272	2.393402066	2.5287793	2.344282434	2.597712765	1.801087767	1.992171954	2.21847497	2.654457093	2.365367049	2.247288017	2.386062649	2.081152661	2.172467458	2.057682087	2.672585193	1.803551528	2.456059422	1.610963149	2.266972178	2.112792551	2.475795452	2.54869687	1.99860367	1.925027958	2.27122541	2.446748996	2.052728629	2.341585263	2.64439457	2.220212571	1.943467271	2.385103079	2.594263499	2.16224933	2.289457248	2.135900044	1.930889118	1.962477139	2.40712133	2.40359426	2.067070317	2.299390098	2.625799651	2.336761477	2.391016108	2.217982218	2.368012351	2.079207586	2.140438553	2.268061421	2.255924151	2.109758234	2.21165424	2.383106135	2.433055666	1.56581147	2.249751779	2.072646199	2.228148477	2.456007554	2.189661923	2.045207671	2.111340228	2.341533394	2.329551731	1.697428226	2.208671791	2.22630714	2.143083855	2.342000212	2.49187474	2.257687686	2.25244895	2.413319636
max_crease_depth	0.474189953	0.497072597	0.426219	0.587813564	0.554607217	0.511769229	0.472472521	0.371093785	0.450133808	0.412136306	0.513375279	0.392505044	0.408113404	0.372614268	0.375780573	0.413092611	0.365162146	0.367793113	0.459223223	0.428866568	0.498866042	0.486910459	0.40215154	0.437328164	0.36771033	0.45322568	0.43947675	0.517007633	0.408483918	0.388839009	0.442579089	0.52519343	0.551035083	0.420986189	0.355093947	0.468478348	0.498466928	0.496512721	0.559091641	0.421120327	0.448257925	0.399759404	0.596000752	0.446368286	0.356390816	0.458264347	0.513864016	0.457214583	0.391336184	0.597109563	0.580734781	0.478076819	0.554240816	0.436390094	0.506105953	0.462367359	0.486778667	0.456360347	0.378430397	0.462457271	0.405682959	0.500554428	0.523861032	0.524294186	0.463623908	0.470515326	0.523121254	0.442396741	0.45164149	0.534383861	0.473476929	0.369460999	0.474663499	0.464862626	0.356145432	0.512979379	0.365839179	0.402953725	0.431992333	0.431469009	0.3779955	0.481162176	0.421235922	0.444704203	0.434606519	0.481253193	0.466936681	0.493843028	0.491142551	0.496580843	0.503455033	0.465975984	0.456722804	0.53486286	0.527811224	0.467928837	0.427436117	0.46399677	0.540758208	0.552764179	0.41479596	0.567663212	0.481012401	0.540835989	0.49151947	0.490611844	0.514945008	0.420115728	0.558012646	0.465301838	0.404889058	0.472925456	0.484043557	0.533995673	0.535351416
max_surface_area	16.22765141	14.78607616	15.52905984	17.66922667	18.19024981	14.73233835	16.69376853	16.24283819	14.37953792	16.64236715	15.80358997	17.81408512	17.08278357	17.81525333	16.74633813	17.45894827	16.70661888	16.22414677	16.50218155	16.35381845	13.85851477	16.63185323	16.34096811	18.23113728	17.9963264	16.74867456	16.53372331	19.39000491	15.63536725	17.62366635	19.05355947	17.37016405	16.93675691	16.37134165	17.62249813	17.42273365	17.72296448	17.28371627	15.80943104	16.50101333	16.52905045	16.40288341	18.28020224	16.94960725	17.47997611	14.87018752	15.57929301	16.22181035	16.67974997	17.05124181	16.78372096	16.80007595	15.96597163	16.75101099	15.92157952	18.96243883	14.26154837	16.63185323	13.61435819	15.45195776	15.59331157	16.44143445	16.81175808	15.44845312	14.98584064	16.17508181	16.68091819	15.20896939	16.57928363	18.71360939	16.72063744	15.01154133	17.11082069	18.19609088	15.75802965	16.46830336	15.93092523	15.81410389	14.97766315	16.48465835	16.30241707	15.81059925	18.00216747	17.18558635	15.48700416	17.43207936	17.08395179	15.40873387	14.71831979	15.59447979	16.47648085	16.68792747	16.94259797	16.84096341	17.16455851	17.08161536	12.45315413	15.79541248	15.66106795	16.79306667	16.68559104	15.85148672	16.11667115	16.08746581	16.97530795	16.14821291	15.25569792	16.08863403	16.24751104	16.03956907	16.80358059	17.27904341	15.19962368	17.172736	16.85498197
max_z	1075.288863	1141.596726	1161.078285	1204.866056	1232.783981	1163.275797	1203.616758	1219.830435	1099.67137	1080.790206	1221.379031	1117.699082	1197.295192	1145.663236	1171.821413	1208.048716	1188.82961	1257.471823	1101.35232	1252.485221	1227.466158	1062.821331	1063.467771	1144.472452	1229.806693	1108.037666	825.7201957	1237.507231	1173.235125	1213.06026	1125.911547	1069.615757	1150.336799	1162.37488	1051.362966	1238.014406	1207.79021	1055.087508	1095.875079	1156.177847	1213.341903	1243.455442	1111.915948	1136.035238	1086.325504	1221.573523	1191.669128	1217.035241	1237.503222	1150.898692	1210.502684	1125.971931	1248.563473	1275.454444	1183.447095	1135.536139	1147.247037	1146.533346	972.2284031	1175.685115	1141.989499	1094.768112	984.3161887	1257.494771	1234.903878	1093.167813	1134.802309	1112.603576	1176.670962	1122.019893	1183.111498	1155.367679	1274.962825	1108.495347	1195.368106	1262.656611	1118.263458	1096.851555	1196.987885	1095.013392	1112.980327	1189.991887	1110.267941	1269.020735	1214.092978	1220.625521	1143.515877	1179.893746	1191.093546	1255.520937	1043.957383	1105.230944	1199.163218	1154.532255	1185.246124	1192.246412	1208.757637	1163.981774	1225.400221	1195.686169	1108.229481	1218.376772	1051.018117	1137.070401	1164.417533	1200.185025	1075.900701	1204.018156	1240.54044	1173.927841	1163.163552	1215.328119	1239.218745	1220.787006	1209.039911
max_geometry_ratio	0.569905155	0.514620254	0.52865761	0.573254087	0.466923268	0.475609547	0.555951331	0.726596383	0.567189547	0.572407713	0.480919785	0.587499311	0.572857395	0.772934035	0.656398255	0.550045132	0.755936826	0.471328284	0.779451637	0.57647428	0.535879503	0.669476547	0.684497445	0.568988516	0.564279986	0.612686753	0.452158312	0.623339229	0.631829995	0.57525837	0.604687992	0.64198913	0.491012347	0.571940825	0.66521327	0.539759684	0.523161752	0.559267186	0.547757366	0.737079783	0.621276954	0.685526316	0.571364305	0.510449917	0.595230525	0.602797283	0.542073215	0.618442342	0.462766495	0.846013345	0.609124492	0.721905053	0.613338719	0.740364957	0.693615312	0.770152597	0.451631585	0.52374784	0.550044078	0.529154921	0.781128078	0.507529068	0.75527766	0.534093588	0.532114734	0.97982753	0.457215063	0.524862807	0.590816473	0.632883547	0.640297358	0.597113659	0.664892324	0.615279526	0.680197305	0.618136393	0.607338461	0.555297147	0.54175481	0.612846846	0.627665203	0.626303885	0.658200134	0.614379946	0.623862267	0.650164728	0.633545977	0.449152735	0.458850259	0.406982808	0.828039392	0.886164521	0.598256482	0.606842746	0.552977119	0.551159197	0.435519834	0.559239963	0.555202463	0.414009658	0.61585196	0.442435758	0.82606949	0.660929327	0.60922704	0.497958836	0.787725142	0.720063691	0.568138207	0.505957109	1	0.686130245	0.55501395	0.587203459	0.579229436
max_grain_count	9	7	14	14	11	12	17	8	7	18	8	5	14	17	6	5	23	7	10	10	9	19	21	6	10	15	3	19	12	13	15	10	12	16	3	12	20	17	23	8	8	25	17	4	4	11	13	12	4	16	13	19	11	23	13	10	13	21	2	10	25	8	11	18	6	24	11	19	7	15	22	6	3	7	15	20	23	9	16	15	12	10	5	8	14	12	9	16	11	8	16	22	9	12	8	15	5	15	25	10	6	11	20	8	18	4	13	17	13	9	11	14	17	20	10
mode_length	4.6472	4.4992	4.4696	5.0024	4.9136	3.9072	4.292	5.032	4.3216	4.6176	4.4696	4.8248	4.3808	4.8248	4.8248	4.0256	4.4992	4.7064	4.7952	4.7656	4.2624	4.2032	4.9136	4.7656	4.9136	4.9136	4.0256	4.4696	4.7064	4.7656	4.9136	4.884	4.6472	4.4992	5.032	4.5288	4.0552	4.5584	4.2328	4.7656	4.292	4.7064	4.6472	4.6176	5.0616	3.996	4.3808	4.5288	4.2328	4.4104	4.0256	4.7656	4.2328	4.1736	4.1736	4.44	3.9664	4.44	3.848	4.3808	4.2032	4.7064	5.0616	4.2328	4.2328	4.3512	4.2624	4.2328	4.884	5.0024	4.884	4.7656	4.1736	4.884	4.5288	4.4992	4.2624	4.0848	4.2032	4.6768	4.9432	4.4696	4.9136	5.0616	4.5288	4.144	4.7952	4.3216	4.2032	3.3744	4.588	4.6472	4.3216	4.6472	4.0552	4.6176	3.6408	4.6472	4.1736	4.3512	4.7064	4.588	4.44	4.4696	4.7952	4.5288	4.2624	3.9072	4.2032	4.1736	4.7656	3.996	4.4992	4.292	4.4992
mode_width	1.276911583	1.288911164	1.31648123	1.296681528	1.260974879	1.250519884	1.40972315	1.227799467	1.334420796	1.327684177	1.209773043	1.336120251	1.399120721	1.355763279	1.40284662	1.292100795	1.298935355	1.402990769	1.419638824	1.315178295	1.151987716	1.198965481	1.344492492	1.401521401	1.503511466	1.2252137	1.579803081	1.37919257	1.31458665	1.361787387	1.419739305	1.313775582	1.19073753	1.294333581	1.421075892	1.366371376	1.488282181	1.401930671	1.422551373	1.302037456	1.344083808	1.344457318	1.374625365	1.463368684	1.42594889	1.13620688	1.11245696	1.091059293	1.372586308	0.999456797	1.483092837	1.244556369	1.385127264	1.211335349	1.312203019	1.094340553	1.193911147	1.396001173	1.257864681	1.338466584	1.48290123	1.233806002	1.272071897	1.298787744	1.288054633	1.232232089	1.246974916	1.191173503	1.423137679	1.461119505	1.288447141	1.273788429	1.395972104	1.464637663	1.364557106	1.24806647	1.347731528	1.252053653	1.281963421	1.457519839	1.414458071	1.228883716	1.50890729	1.136820303	1.263860458	1.353536678	1.259889439	1.343564502	1.279090184	1.116546194	1.3745169	1.365535501	1.410164598	1.281744857	1.40126182	1.243471886	1.138491592	1.374009064	1.269354355	1.308376286	1.384582081	1.355202829	1.357301386	1.473181901	1.345027243	1.370262513	1.34431603	1.478681392	1.162384186	1.285534431	1.306821107	1.272613626	1.328408181	1.297154078	1.331161959
mode_depth	0.60925717	0.734267092	0.751492416	0.699315276	0.940567184	0.807890062	0.685755362	0.595818348	0.62704955	0.68454358	0.856195089	0.738879747	0.683038714	0.612133821	0.632005777	0.675325067	0.58331459	0.785482457	0.832185882	0.894272471	0.806042179	0.877490879	0.672081306	0.739502285	0.716697957	0.590248525	0.735101806	0.78779764	0.679612778	0.718519538	0.672165393	0.890712406	0.765226435	0.816405898	0.807656733	0.878622735	0.796554561	0.81658521	0.672519479	0.574636589	0.643758063	0.693716152	0.736543597	0.85492602	0.719797941	0.749981616	0.714613167	0.625183225	0.705715261	0.483040496	0.70810227	0.744782711	0.699599325	0.696395036	0.695355717	0.526299834	0.700516952	0.673221066	0.711633737	0.660427001	0.503715495	0.853535515	0.875567898	0.770946441	0.812700943	0.57618157	0.784210457	0.781809177	0.693865588	0.788615083	0.665049909	0.708836284	0.980844872	0.789714807	0.586025298	0.81345089	0.777436759	0.648567723	0.682937194	0.706392684	0.753816636	0.723887877	0.653558234	0.636140335	0.678342932	0.637040452	0.655422578	0.80261901	0.719865853	0.791382882	0.775335839	0.631383303	0.651778085	0.712730767	0.736300527	0.680355876	0.657753691	0.668219233	0.777184333	0.937157733	0.688192185	0.796431582	0.654540768	0.575149064	0.711061131	0.874830428	0.704020211	0.674040274	0.615485339	0.810899425	0.549289721	0.649779331	0.765031827	0.709819549	0.749117727
mode_circularity	0.530680101	0.488841535	0.557915388	0.546909049	0.478364954	0.558052066	0.5463348	0.533433345	0.472219935	0.543337063	0.524153819	0.562234917	0.546072453	0.563874921	0.511895748	0.598498024	0.515663937	0.576339791	0.537022674	0.547057417	0.488006711	0.551358538	0.499669349	0.53628624	0.595926573	0.530407614	0.51705016	0.485688529	0.515815845	0.570317432	0.56863508	0.465018325	0.50181033	0.550132641	0.522769835	0.520706084	0.499128748	0.618846954	0.507030582	0.499821062	0.527815988	0.564782809	0.464314144	0.50183959	0.595259666	0.50297716	0.537888941	0.586738338	0.577046842	0.652287286	0.55783615	0.51953815	0.551733616	0.553947208	0.507129874	0.667006194	0.505849725	0.517949438	0.51336282	0.54934406	0.545907236	0.510869172	0.514176358	0.550695276	0.472075405	0.529477011	0.492123756	0.517094777	0.480193069	0.540490798	0.567766361	0.533398705	0.517773005	0.548508986	0.578702141	0.5193875	0.534169706	0.543157607	0.523740531	0.501363001	0.572138023	0.514883869	0.494520063	0.626490343	0.538148406	0.524709801	0.506047151	0.545170952	0.548294185	0.510059966	0.464365391	0.484422405	0.499704733	0.518105505	0.568917338	0.501994448	0.556385694	0.502928894	0.518293338	0.497205708	0.552752374	0.499471708	0.485760226	0.535459407	0.467357634	0.549782181	0.45097695	0.497424919	0.536808239	0.534986325	0.571611267	0.619641186	0.542631265	0.486589052	0.524844461
mode_volume	1.653158314	1.746962807	2.021970506	1.714518953	2.410596531	1.979360392	1.900416273	1.488760558	1.486037453	2.012634145	2.044092495	2.176357608	1.854953382	1.950132396	1.882703122	1.747170282	1.478412758	2.430436298	2.480541435	2.282921795	1.559742836	1.992794378	1.810942814	2.304239819	2.568562572	1.485907781	2.136289059	1.927206442	1.749815584	2.119328004	2.170703923	2.29677073	1.568145561	2.081956625	2.590995772	2.29210255	2.242075216	2.75785729	1.812887889	1.639387182	1.602508556	1.954930248	1.808712461	2.344282434	2.309011737	1.612752618	1.519518681	1.18929678	1.857002195	1.343683882	1.982550316	1.966315421	1.776009264	1.564929703	1.796341783	1.537750519	1.279600138	1.58261692	1.562906825	1.609121811	1.637857056	2.018132225	2.498228653	1.746573792	1.841597199	1.597529163	1.682386311	1.688377142	1.863226436	2.248895946	1.964344412	1.943467271	2.385103079	2.572426788	1.72305135	2.081100792	2.038931562	1.443453273	1.657852429	2.039320577	2.278305483	1.498874949	2.111884849	1.472188517	1.63573044	1.559483492	1.657930232	2.00404988	1.769940629	1.244770325	1.971009536	1.620532919	1.65038334	1.677640327	1.812135794	1.499341767	1.256726054	1.535286757	1.807182335	2.190854902	2.115411919	1.86307083	1.786382998	1.741205385	1.353642668	2.329551731	1.523356962	2.043158859	1.149980327	1.861981587	1.73531829	1.896396451	2.057811759	1.287587914	1.950313936
mode_crease_depth	0.265041677	0.41273411	0.351435733	0.315271631	0.519115248	0.423358378	0.322866883	0.280757752	0.343457203	0.283294917	0.453476845	0.34487179	0.332458573	0.260221925	0.317477663	0.303381728	0.268380177	0.307064813	0.406921092	0.403208786	0.415126767	0.407662265	0.339592758	0.364033654	0.271339867	0.272730797	0.393959521	0.452221401	0.364483804	0.351926599	0.308549543	0.508778088	0.429519604	0.380423574	0.355093947	0.465024607	0.415620702	0.331392065	0.340797422	0.283062639	0.316768666	0.277117031	0.4302912	0.446079915	0.295357568	0.404600102	0.398291673	0.259462787	0.332418096	0.173890819	0.300976984	0.3323395	0.304820114	0.351078978	0.347544701	0.116518867	0.393924861	0.332360857	0.378430397	0.302717891	0.200236113	0.45603171	0.465820125	0.37205754	0.463296597	0.26928873	0.412116193	0.40386899	0.376887156	0.340733802	0.302682136	0.344949741	0.474663499	0.351694521	0.233324158	0.424494555	0.365839179	0.294209568	0.348433517	0.357305375	0.319087084	0.368939896	0.32549294	0.255921846	0.336607561	0.288529112	0.361181732	0.392276895	0.356075814	0.444577131	0.397037228	0.298718874	0.319455634	0.372229993	0.359943999	0.361529201	0.310337139	0.327733592	0.39198574	0.51874279	0.323813105	0.389488212	0.348513909	0.26705092	0.407297036	0.449003302	0.399830703	0.335094639	0.31557182	0.427153562	0.17680257	0.223589694	0.396500044	0.36321109	0.348473975
mode_surface_area	13.60501248	12.33165995	14.03958784	11.19382016	16.63302144	12.87721557	12.56997547	11.84685141	12.19497899	13.4753408	14.94962603	15.09798912	13.11319467	13.80244053	13.6155264	10.95784107	11.53844309	14.92158891	15.49634987	15.00219563	12.04544768	13.14824107	14.04426069	15.09682091	17.10614784	11.86437461	15.4729856	13.76739413	14.40056576	13.11669931	14.23117483	17.37016405	12.20198827	13.99402752	17.62249813	15.99517696	15.91223381	16.68559104	13.53608789	13.04076544	12.72534784	13.06529792	13.62136747	16.69610496	14.47766784	13.05828864	10.85153365	10.03612075	12.08633515	10.61789099	14.02673749	13.37837909	13.27674453	11.37372501	13.32814592	12.60268544	9.959018667	11.42278997	11.59334912	11.87138389	12.06180267	13.80594517	15.95428949	13.41809835	14.58514347	13.16693248	13.57463893	12.24754859	13.97416789	16.08045653	13.25571669	14.19145557	16.94727083	16.90638336	11.99404629	14.7370112	14.24519339	11.71367509	11.35269717	14.61668523	15.34798677	11.25924011	15.39588352	10.48121003	11.83984213	11.5828352	13.17043712	13.21716565	11.78493611	9.776777387	14.47766784	12.80244992	12.47418197	12.76273067	12.99286869	11.57465771	9.629582507	11.90409387	13.22884779	15.5255552	14.78373973	13.83398229	13.43562155	12.33516459	11.12372736	16.14821291	12.73586176	14.53491029	9.068840107	13.68094635	12.89473877	11.72652544	13.90524331	10.90176683	13.43912619
mode_z	1075.288863	1141.596726	1161.078285	1204.866056	1232.783981	1163.275797	1203.616758	1219.830435	1099.67137	1080.790206	1221.379031	1117.699082	1197.295192	1145.663236	1171.821413	1208.048716	1188.82961	1257.471823	1101.35232	1252.485221	1227.466158	1062.821331	1063.467771	1144.472452	1229.806693	1108.037666	825.7201957	1237.507231	1173.235125	1213.06026	1125.911547	1069.615757	1150.336799	1162.37488	1051.362966	1238.014406	1207.79021	1055.087508	1095.875079	1156.177847	1213.341903	1243.455442	1111.915948	1136.035238	1086.325504	1221.573523	1191.669128	1217.035241	1237.503222	1150.898692	1210.502684	1125.971931	1248.563473	1275.454444	1183.447095	1135.536139	1147.247037	1146.533346	972.2284031	1175.685115	1141.989499	1094.768112	984.3161887	1257.494771	1234.903878	1093.167813	1134.802309	1112.603576	1176.670962	1122.019893	1183.111498	1155.367679	1274.962825	1108.495347	1195.368106	1262.656611	1118.263458	1096.851555	1196.987885	1095.013392	1112.980327	1189.991887	1110.267941	1269.020735	1214.092978	1220.625521	1143.515877	1179.893746	1191.093546	1255.520937	1043.957383	1105.230944	1199.163218	1154.532255	1185.246124	1192.246412	1208.757637	1163.981774	1225.400221	1195.686169	1108.229481	1218.376772	1051.018117	1137.070401	1164.417533	1200.185025	1075.900701	1204.018156	1240.54044	1173.927841	1163.163552	1215.328119	1239.218745	1220.787006	1209.039911
mode_geometry_ratio	0.569905155	0.495537587	0.47150341	0.459592464	0.428601422	0.412261734	0.523348238	0.605021209	0.567189547	0.572407713	0.414302473	0.544493544	0.510400467	0.688119656	0.656398255	0.459990082	0.614723535	0.469087517	0.450953527	0.39191514	0.373228193	0.358954889	0.584100323	0.52493137	0.564279986	0.612686753	0.388533161	0.434558751	0.585148467	0.549862006	0.604687992	0.442191531	0.40960572	0.419979502	0.509079537	0.383896755	0.422021475	0.489610806	0.547757366	0.737079783	0.540683226	0.532566257	0.45627592	0.401304961	0.595230525	0.48164939	0.486550642	0.493915578	0.462766495	0.846013345	0.458014789	0.542894985	0.467475772	0.478941796	0.562989902	0.770152597	0.357329435	0.437121501	0.397400662	0.453536231	0.781128078	0.42633801	0.4844593	0.379427745	0.387880053	0.657488071	0.418948339	0.424815532	0.590816473	0.460312823	0.640297358	0.571867227	0.272939695	0.493871059	0.6753703	0.439930801	0.41548808	0.502939243	0.499542283	0.536123523	0.48949381	0.424363798	0.637455047	0.569913354	0.523725321	0.518183321	0.620129649	0.397564617	0.454449998	0.275750976	0.465397658	0.624910921	0.532301167	0.454822287	0.40153977	0.541992557	0.417687485	0.448984211	0.420674784	0.332556069	0.567635246	0.41573074	0.608831953	0.660929327	0.416814721	0.385670979	0.516694339	0.542155293	0.405372847	0.379277258	0.778576489	0.624954185	0.458761985	0.422405646	0.445041369
mode_grain_count	9	7	14	14	11	12	17	8	7	18	8	5	14	17	6	5	23	7	10	10	9	19	21	6	10	15	3	19	12	13	15	10	12	16	3	12	20	17	23	8	8	25	17	4	4	11	13	12	4	16	13	19	11	23	13	10	13	21	2	10	25	8	11	18	6	24	11	19	7	15	22	6	3	7	15	20	23	9	16	15	12	10	5	8	14	12	9	16	11	8	16	22	9	12	8	15	5	15	25	10	6	11	20	8	18	4	13	17	13	9	11	14	17	20	10
min_length	3.2856	4.292	3.5224	3.3448	3.8184	3.8184	2.8416	4.2624	4.1736	3.5816	3.0488	3.9072	3.6112	4.2328	4.2624	4.0256	2.7824	3.7888	3.7	3.9664	3.5224	3.552	3.9368	4.4992	4.5288	2.5456	4.0256	3.6704	4.0848	4.3808	4.0848	2.5752	3.552	4.2624	4.3808	3.256	3.6408	3.5816	2.8416	4.2624	4.2032	3.9072	3.4336	4.2032	3.0488	3.7888	3.3152	3.8184	3.9368	3.3744	2.3976	3.8776	3.8184	2.6936	3.1376	4.1144	3.4336	3.7592	3.848	3.9368	3.6112	4.3512	4.292	3.1376	4.0848	3.3152	3.3448	3.4928	4.0848	3.8184	3.6408	4.3216	3.9072	3.848	2.812	3.6704	3.6408	3.848	3.0784	3.996	3.7	4.0256	3.7296	3.7888	3.7	3.9368	3.6408	1.8944	2.664	3.3744	3.3448	3.7592	3.7296	3.7	3.8184	3.9368	3.6408	3.1672	3.0192	3.4632	4.0552	2.1312	3.6704	3.256	3.3152	4.144	3.5224	3.7888	3.404	3.848	4.144	3.6704	1.8352	2.7824	3.5816
min_width	1.185575874	1.237464499	1.24358829	1.282951425	1.183118134	1.236174367	1.248441895	1.116630509	1.194144946	1.223924028	1.098324068	1.250139082	1.310051455	1.227530026	1.376616094	1.292100795	1.283004486	1.362986676	1.098580793	1.23940454	1.120176168	1.155604214	1.210497856	1.31312324	1.358275534	0.891770393	1.538108263	1.37919257	1.192508089	1.322137582	1.355172295	1.13634588	1.19073753	1.214629274	1.318201312	1.067055762	1.219139447	1.231963641	1.283420235	1.302037456	1.289061957	1.229237954	1.282658141	1.133588101	1.42594889	1.052782941	1.11245696	1.08383329	1.372586308	0.972079829	1.383539386	1.191283929	1.361792375	1.151912712	1.177616223	1.094340553	1.193911147	1.38280184	1.257864681	1.238835676	1.383558257	1.214475251	1.012884821	1.185955113	1.161810684	0.958076288	1.246974916	1.130420339	1.358909395	1.443515903	1.243147111	1.220861696	1.375877457	1.257053033	1.188986698	1.12974347	1.301070777	1.252053653	1.230100166	1.356492262	1.264250248	1.228883716	1.352929611	1.136820303	1.263860458	1.353536678	1.190120716	1.109770219	1.14514898	1.116546194	0.945503697	1.07785358	1.236137972	1.257499989	1.40126182	1.2216859	1.138491592	1.296823403	1.139314015	1.198521605	1.337855598	0.9261483	1.094674524	1.312284035	1.220981562	1.346658321	1.083355446	1.041660036	1.162384186	1.24761911	0.916173509	1.22851282	0.800208731	1.283810377	1.212317389
min_depth	0.60925717	0.703010153	0.613955283	0.611084421	0.728803337	0.704095941	0.666614124	0.582713622	0.62704955	0.68454358	0.68589529	0.682235094	0.643062807	0.529601382	0.632005777	0.675325067	0.545904204	0.705051449	0.471680337	0.667475103	0.657148049	0.622858058	0.613926256	0.70590241	0.683611987	0.553271364	0.735101806	0.600369414	0.667818733	0.667155456	0.672165393	0.597772018	0.762533652	0.688640125	0.647092447	0.625838785	0.646182053	0.645306106	0.609605763	0.574636589	0.595661783	0.631011111	0.673281183	0.713826382	0.630289555	0.680780789	0.691325224	0.619793873	0.679485864	0.483040496	0.623111184	0.600320793	0.638490652	0.559435269	0.595440061	0.526299834	0.700516952	0.600925162	0.605380119	0.660427001	0.503715495	0.801710917	0.580473589	0.650099773	0.683609664	0.427376087	0.572935436	0.689465764	0.693865588	0.593931842	0.592711933	0.609877261	0.621590343	0.691763459	0.586025298	0.639141709	0.584195024	0.648567723	0.600069353	0.613431636	0.572942942	0.654765376	0.587892478	0.636140335	0.613762113	0.637040452	0.655422578	0.722880042	0.700720705	0.791382882	0.478210207	0.446096007	0.580752796	0.689142924	0.72571748	0.680355876	0.657753691	0.645900524	0.717338167	0.719789184	0.662411163	0.576214146	0.490784675	0.575149064	0.676748066	0.738803919	0.423107525	0.465122444	0.615485339	0.737928046	0.434522186	0.643415287	0.672426658	0.586596405	0.611562654
min_circularity	0.393332287	0.450655032	0.49754161	0.452101172	0.420418482	0.511515681	0.482223104	0.533433345	0.442437324	0.495102745	0.413377985	0.476224223	0.4933861	0.502449581	0.489221349	0.532262939	0.445716543	0.439679302	0.457085173	0.460457292	0.468906244	0.496821971	0.447340622	0.507308272	0.508408958	0.432457032	0.51705016	0.408905719	0.463475789	0.504734487	0.520258576	0.413762203	0.458710825	0.512862741	0.522769835	0.474940125	0.454887253	0.471234397	0.466614798	0.479348938	0.507443534	0.507438622	0.39095591	0.50183959	0.491979769	0.427884357	0.458026671	0.46798667	0.544316593	0.44109758	0.430268798	0.474846074	0.459483725	0.42526348	0.373769251	0.474069968	0.457786988	0.468050899	0.472322582	0.487674355	0.455700738	0.482896852	0.47536569	0.452326688	0.470483269	0.447778469	0.421873016	0.483693866	0.447873312	0.461603234	0.431911696	0.498528834	0.484948848	0.465708189	0.488391656	0.436318927	0.473616893	0.461190177	0.484347738	0.492294976	0.49686484	0.44932321	0.494520063	0.501267179	0.51953815	0.490542375	0.468038441	0.500998227	0.45111189	0.475400944	0.455707147	0.444536171	0.44628317	0.487178635	0.478229326	0.478039688	0.473450615	0.443441006	0.445982418	0.422683422	0.485717245	0.459481919	0.454678301	0.501797954	0.462974642	0.506231857	0.358427833	0.469934546	0.439858189	0.452222003	0.502148378	0.532153949	0.472932001	0.407198961	0.412679991
min_volume	1.323481035	1.512568279	1.230843587	1.376594555	1.468298367	1.539591857	1.712962893	1.488760558	1.414795832	1.724451804	1.036050789	1.903217182	1.378669302	1.558264579	1.674995025	1.747170282	1.138647022	1.756195431	1.198477535	1.527843602	1.375220035	1.413810327	1.689388581	2.168006752	2.092174754	1.124175663	2.136289059	1.417856083	1.35042681	1.858713861	1.853993812	1.356184232	1.568145561	1.866131081	1.786279261	1.200137333	1.298039451	1.495918435	1.369410744	1.514824566	1.385801244	1.397212352	1.467831549	1.585184419	1.825310436	1.325503913	1.347703705	1.18929678	1.478386824	1.26118676	1.47872397	1.569571949	1.776009264	1.048395533	1.368684582	1.537750519	1.242591841	1.395396948	1.562906825	1.609121811	1.36173418	1.983120871	1.545038067	1.267125723	1.363290241	1.225034295	1.409868308	1.136909422	1.707153602	1.378773039	1.332220906	1.463552383	1.924898287	1.332013431	1.297728239	1.315700734	1.420164239	1.443453273	1.41878972	1.728186348	1.455720214	1.471669831	1.410049848	1.472188517	1.430045221	1.559483492	1.430200827	1.020671728	1.257789362	1.244770325	1.323429166	1.299517708	1.549680313	1.677640327	1.754743108	1.499341767	1.256726054	1.535286757	1.315908209	1.413550984	1.65056488	1.230402703	1.317619875	1.565266849	1.353642668	1.803525594	1.146193914	1.087867592	1.149980327	1.545038067	1.243499543	1.603182849	1.081902695	1.287587914	1.283049405
min_crease_depth	0.265041677	0.322802492	0.290015305	0.280625463	0.385995334	0.322894433	0.322866883	0.220738813	0.343457203	0.252869501	0.379819168	0.34487179	0.327277819	0.200577487	0.316248892	0.303381728	0.262471017	0.307064813	0.155897203	0.27615818	0.357911147	0.216569908	0.313676499	0.358731393	0.271339867	0.047380484	0.393959521	0.348672733	0.325334845	0.28156115	0.283776278	0.26880496	0.413146036	0.305506266	0.235699132	0.331182026	0.29586	0.302817621	0.318426643	0.283062639	0.278468075	0.268322453	0.364145234	0.378507259	0.238623777	0.354987666	0.395803974	0.259462787	0.32109014	0.134203795	0.269559565	0.251878685	0.304820114	0.259552344	0.285008163	0.116518867	0.383964068	0.287095759	0.316476265	0.302717891	0.200236113	0.373288664	0.240129143	0.348876073	0.354370872	0.131676166	0.273969663	0.291367809	0.372763537	0.303314438	0.2775119	0.325846648	0.326735839	0.299393942	0.233324158	0.296067736	0.230666836	0.294209568	0.306081382	0.25886248	0.265295942	0.305528564	0.257123761	0.255921846	0.261660983	0.288529112	0.319454471	0.087180712	0.356075814	0.418810547	0.130019889	0.111920922	0.25804962	0.339131488	0.356893108	0.361529201	0.310337139	0.307898447	0.361865433	0.414936721	0.295700427	0.034179136	0.187878691	0.26705092	0.322231625	0.414990227	0.126797226	0.131839976	0.315511044	0.395953293	0.096629141	0.223589694	0.034179136	0.288255186	0.317519537
min_surface_area	12.28843605	12.16577365	11.09335381	10.85971115	12.22885717	11.76274005	12.56997547	11.84685141	11.81530965	12.15409152	10.22770773	15.09798912	11.214848	12.59217152	13.6155264	10.95784107	10.43448149	14.02907392	9.64126464	12.56997547	11.40526677	10.67746987	13.28842667	15.09682091	15.29541717	7.716049067	15.4729856	11.35036075	12.01040128	12.76857173	13.3001088	11.99638272	12.20198827	12.66460075	13.74636629	10.62373205	10.601536	11.45199531	11.1447552	12.353856	10.87723435	11.42278997	13.62136747	12.25455787	13.72183381	12.34801493	10.85153365	10.03612075	12.08633515	10.61789099	11.50923776	11.26508117	13.27674453	10.93681323	11.68914261	12.60268544	9.959018667	10.87139328	11.59334912	11.87138389	11.17279232	13.80594517	12.18563328	11.19966123	12.09801728	10.31882837	13.47300437	10.78494549	12.74637568	12.18446507	10.33635157	12.90174805	15.54658304	11.69965653	9.915794773	11.78143147	10.90643968	11.71367509	10.97653248	13.70431061	10.40060331	11.25924011	10.81064619	10.48121003	10.65877845	11.5828352	11.29311829	8.7090304	9.73588992	9.776777387	10.57700352	11.0571392	12.47418197	12.76273067	12.99286869	11.57465771	9.629582507	11.90409387	11.14709163	12.66109611	12.83282347	8.339874987	11.53377024	12.33516459	11.12372736	12.87604736	10.03261611	8.945009493	9.068840107	13.04543829	12.1260544	11.39825749	7.9029632	10.90176683	11.13540949
min_z	530.4409502	783.4025117	404.6956816	557.1717923	686.7176895	477.9689062	460.1838255	862.6407762	717.4781736	319.338105	304.8714915	382.7096387	638.7767644	298.7337207	762.331236	606.7964996	0	687.1915874	396.6190946	598.7999685	861.7171453	74.36607862	258.18681	688.6164709	725.5834471	403.7603696	622.7051164	609.2128014	591.7743952	458.5449961	441.457545	287.5544763	229.9879594	536.1833671	923.4572489	647.5709935	526.1261489	224.9476287	22.75754578	714.0342344	734.3393672	318.6347824	137.5671231	918.0047548	522.2198371	610.3119381	557.2428176	635.0552296	865.8430772	540.1030015	581.1402611	468.2913731	674.1138734	379.5477543	502.7644425	459.582814	579.5352406	373.2501919	774.9255253	677.3450087	391.6475566	826.9411785	380.9901069	670.3757118	815.9142069	474.3986647	292.5767065	616.1897239	695.4176417	372.2697771	360.5935433	812.9247038	783.4727159	649.392337	607.5183126	376.6525253	325.2250154	649.8632122	447.4490146	375.4587534	416.1924483	587.0803578	648.5633161	648.054804	604.8267215	573.655674	539.4428388	273.7637648	685.890084	773.8576672	271.7494138	435.6022287	488.4814317	498.6963576	636.852422	552.0884683	981.4801735	412.0019847	470.8649843	562.7896515	524.390595	136.0896457	545.9334058	701.3154623	303.577727	1049.070953	550.2482439	520.9534655	70.92004011	528.113908	605.230772	512.2653168	325.6176422	497.5883956	266.9281209
min_geometry_ratio	0.283421075	0.363863021	0.342762246	0.086695756	0.25735986	0.254820808	0.057507639	0.513386025	0.457166406	0.223673667	0.216703339	0.371830361	0.325733213	0.464324463	0.427459075	0.364061001	0.370723647	0.374668066	0.349953735	0.363753255	0.253266816	0.250931742	0.451491617	0.35714204	0.438340224	0.169983077	0.388533161	0.281555117	0.467955873	0.416488874	0.261900734	0.135208164	0.288250854	0.39035959	0.460544703	0.190299256	0.197288105	0.191926614	0.047766161	0.408508468	0.327848604	0.312652293	0.116191885	0.3453315	0.341734744	0.37994304	0.170673309	0.404554257	0.432489947	0.125394952	0.007074576	0.285231112	0.29717419	0.125667619	0.21194822	0.307138673	0.273325348	0.303595977	0.397400662	0.363829768	0.307443367	0.344042157	0.403225618	0.147097914	0.356171641	0.177580076	0.338153071	0.362434142	0.346746519	0.231680186	0.335405212	0.498013428	0.238113246	0.370482001	0.288600092	0.225250849	0.334742112	0.34240606	0.178285135	0.395982544	0.333044476	0.408048594	0.219514614	0.398174787	0.261674471	0.252532024	0.383164788	0	0.167581484	0.275750976	0.181003887	0.257343755	0.257620535	0.200411629	0.235622098	0.293647265	0.366053995	0.165171596	0.164189695	0.162418425	0.371005102	0.076639534	0.255847198	0.106031883	0.216244122	0.338516963	0.261979631	0.332129332	0.203559764	0.337466808	0.399273222	0.210247415	0.011818494	0.086885313	0.263344738
min_grain_count	9	7	14	14	11	12	17	8	7	18	8	5	14	17	6	5	23	7	10	10	9	19	21	6	10	15	3	19	12	13	15	10	12	16	3	12	20	17	23	8	8	25	17	4	4	11	13	12	4	16	13	19	11	23	13	10	13	21	2	10	25	8	11	18	6	24	11	19	7	15	22	6	3	7	15	20	23	9	16	15	12	10	5	8	14	12	9	16	11	8	16	22	9	12	8	15	5	15	25	10	6	11	20	8	18	4	13	17	13	9	11	14	17	20	10
