RIL	median_length	median_width	median_depth	median_circularity	median_volume	median_crease_depth	median_surface_area	median_z	median_geometry_ratio	median_grain_count	se_length	se_width	se_depth	se_circularity	se_volume	se_crease_depth	se_surface_area	se_z	se_geometry_ratio	se_grain_count
1	4.3512	1.3391039695212803	0.7699582043243001	0.46559260394668806	1.7889504972799999	0.4360043391138841	14.147063466666697	914.341815957277	0.3922146027325907	9	0.16384312280010072	0.062410683122300525	0.02416222349704866	0.012101642878469	0.0768001366532137	0.02105655618862419	0.37342846261913515	53.44338230809176	0.03436813780303665	0
2	4.469600000000001	1.30120248956405	0.757463532848101	0.4888415353398021	1.929151517696	0.4112346711502501	13.9718314666667	964.522719801959	0.4579570275389985	7	0.03220384056193897	0.013403132599707742	0.024982641750371223	0.01890176394592771	0.07561747371520189	0.025533778715638132	0.38719614442073075	48.47016292400585	0.020748373665294747	0
4	4.2623999999999995	1.4859059422979797	0.67137346727814	0.56292084192185	1.968390168064	0.2742312511115139	14.253370879999999	949.7001861943581	0.5112036555734959	7	0.1420195789894003	0.07756020625402772	0.04036526463112902	0.02651217001865576	0.1417647505543545	0.029863586740006175	0.9342658881247193	71.04000891826216	0.058346061035354585	0
5	4.4548000000000005	1.3399379448906	0.7432969655030559	0.542480432538081	2.011635673344	0.3546249488072746	14.546592426666649	825.3690840993805	0.46729210310838354	14	0.08282123056523066	0.01394332227727316	0.014015815447101482	0.005094199793279303	0.0746505370883576	0.010014516830542067	0.33540924362685715	70.36672275759257	0.014339160174587853	0
6	4.6768	1.3784581888056398	0.7933186946419846	0.5125248750749989	2.2664405245440005	0.37569005595029153	15.760950186666648	862.3349666119161	0.4730216816097146	14	0.12060555633875343	0.01282599057860807	0.03716134591485518	0.006602889218701945	0.08778843709660872	0.02082742594330119	0.5693064274988456	42.53334280626857	0.03216331384766512	0
7	4.3808	1.2926176290369202	0.9405671838841638	0.459445519185194	2.2006840156160004	0.5134276529473469	16.052419413333293	972.759575405412	0.37586856782392036	11	0.1169168259847449	0.05549237773418487	0.029428245927285473	0.005425841576090227	0.10514414663954805	0.01648522139393097	0.4986370412958519	60.18074732001963	0.021130527761705303	0
8	4.1735999999999995	1.3623546455208848	0.7911081832277778	0.5315421225777348	2.0188972874239997	0.401639766722372	13.7387729066667	881.252142439012	0.4007302842722935	12	0.06849972941036285	0.02599573463467701	0.018573793030399896	0.00643843349527333	0.058953737201709974	0.012489506920948575	0.24232760876109494	61.547432338648186	0.020433086004432294	0
9	4.5584	1.39483988628563	0.7787023257140219	0.5204857849493169	2.05348072448	0.38048800766953805	14.6096759466667	766.8688112241729	0.48154772516721217	17	0.11703018153879564	0.011545696891655428	0.027482662507186454	0.0047422071592908635	0.04158940947235319	0.009979085124423234	0.26677870896625244	52.53556088362999	0.029602227918483905	0
11	4.81	1.2665108385801147	0.6821915288861653	0.5540684224415716	1.9915365629439998	0.31876394931097407	14.12545152	1045.0228483053936	0.6147011123300927	8	0.08887704990603595	0.028061758628944066	0.02247475857629718	0.010163248825736975	0.10855017896622605	0.017423978673739193	0.6069914812976926	44.507719997370835	0.02536935627181336	0
13	4.3216	1.2660056558684398	0.7245291619647108	0.459002583495599	1.4860374528	0.404662230359124	12.433294506666702	920.645434568562	0.4891688448449756	7	0.07356580098680301	0.022296727280162774	0.018654583720113	0.008469367284253976	0.03968831418348659	0.01450043352034118	0.32901489535943623	50.68803054757045	0.013540691655006097	0
14	4.6175999999999995	1.4121526739305348	0.7782365157976661	0.5324449462937015	2.3076242501119997	0.3255785191527775	15.385953706666651	677.7479056067675	0.48053986850968133	18	0.07531251413786527	0.022290196388083747	0.013071658341955523	0.005681483403998052	0.050511256418571106	0.009271452500758141	0.2745927818890354	53.7220422813833	0.020711890081583525	0
15	4.292	1.26576646934909	0.8545900517344511	0.4746680555964705	1.954943214848	0.45527537364651005	14.89004714666665	907.8951291926821	0.3718345283586777	8	0.21919405296937877	0.0410680886953093	0.027484232718181806	0.013318239612397618	0.14912199763951012	0.014455111421593789	0.6525895696860565	98.82255896408654	0.03230546507591184	0
16	4.5287999999999995	1.5971171546138903	0.738879746713762	0.5022440795285331	2.176357608448	0.3525199663646801	15.416911359999999	487.529084488365	0.45045002295570036	5	0.19812109428326888	0.10206300562447401	0.02280626639718957	0.017410785692901717	0.1092526795317607	0.00857777630933473	0.5687657978394246	140.7556657030817	0.04055677889928466	0
17	4.469600000000001	1.4483029223436497	0.754581014771265	0.5165015042622858	2.1793141227520003	0.3652945649158005	15.963051093333297	876.8638788661436	0.4518986718225134	14	0.09712269732637045	0.01633585966286229	0.017232714463184272	0.003593365911185683	0.08717993717031114	0.006021461857267173	0.4605581709798057	41.46644931255923	0.021082652631434457	0
18	4.7656	1.3746643544701198	0.6837223094446969	0.5208757940030161	2.0873250329600004	0.29391107148958706	15.253361493333298	672.0903689989971	0.5899335523640754	17	0.04728504449110682	0.021568670287179584	0.01771594067592646	0.00564250353102815	0.06747446434875566	0.010451939472947813	0.37713678024222985	58.3560714804084	0.021827456770144634	0
19	4.7951999999999995	1.4216688893617748	0.7017379907323634	0.5131111213084529	2.118926021376	0.3303856031726365	15.27497344	957.7815488385555	0.5953983991049101	6	0.10629015215176078	0.009252197306750204	0.022195465841426936	0.007333575106551372	0.09645397763843075	0.009663567982049464	0.5119082523230166	67.56671309075004	0.03506893850628823	0
20	4.588	1.4172454785790898	0.839285305549264	0.584759926974987	2.5687959808	0.36210840585374104	16.56292864	887.4841892628531	0.4599900819995985	5	0.16464625838445288	0.025293779024237868	0.04798269706489481	0.0121777143111466	0.2198513220940382	0.018833542676934333	1.2244131386804757	114.25532058920041	0.03251570895438403	0
21	4.7064	1.43250993433264	0.690704730818029	0.508198135135119	2.0800115502080003	0.34693547530611796	14.9870088533333	753.581208008645	0.5749010070695745	23	0.09160103154945669	0.02309032090210905	0.014182614311749222	0.004442103371240815	0.06533569591772222	0.006352763292436309	0.3519030115585134	57.30406789341026	0.01756641737212136	0
22	4.6472	1.3967818954243898	0.7854824574700819	0.5428931660785661	2.314406078976	0.343081096296835	14.960139946666702	1096.937197907323	0.4501061132571591	7	0.12419816511401074	0.04260691232436188	0.014074678253119543	0.019527215824276942	0.09715698562276717	0.008089411451541455	0.29415847997128214	72.8663948296265	0.01230168660471901	0
23	4.6175999999999995	1.4512063672276048	0.760661030368358	0.5183665998996656	2.2164909934080006	0.3826323597022866	15.680927573333353	803.5803953561531	0.48503621754225934	10	0.14719532359721516	0.05010674897806554	0.03639941633789931	0.022054365238461254	0.1499906096966164	0.03099703976662102	0.8557026892353893	74.81545257922967	0.03568469752394457	0
24	4.6175999999999995	1.4299238483116046	0.7606153278972295	0.529513645634925	2.2205367498240003	0.36369649198130655	15.285487360000001	1026.3155733518806	0.45569359140314303	10	0.09101431779914873	0.02392641065928564	0.027887759254497796	0.010201845183307662	0.11356702680428826	0.014874229520770069	0.3669752132998342	61.222467797414176	0.02056086102053775	0
25	3.9959999999999996	1.16138206029741	0.7998643923752309	0.497315128545404	1.559742835712	0.4025749447636551	11.930962773333299	1021.8691190205101	0.3732281929514781	9	0.10813394528757743	0.008710982581468971	0.028532239422569366	0.007370110204547004	0.034867479804274674	0.014490867914594112	0.2992418465124877	40.45760753385461	0.036665618182875906	0
26	4.499200000000001	1.3196655646110003	0.7809982015891971	0.5273533792806879	2.0595234247679994	0.3416346784313929	13.9134208	484.04753684358786	0.46573507592796937	19	0.09062312354007696	0.021538099764858494	0.023207847464522733	0.0070349394647085265	0.06144227482280205	0.016230875586274555	0.3381758923708028	69.79387736726399	0.026562792611150247	0
28	4.7064	1.3423974078817102	0.7043389101527239	0.5117544464865021	2.0450520652799997	0.355082550768944	14.9134114133333	696.222258374549	0.5647305014946783	21	0.05203606075643721	0.02227684531118218	0.01100143431573594	0.005546599881530448	0.03117343086793178	0.005765427760161544	0.19153217178097975	47.783269525541314	0.013922199632376255	0
29	4.691599999999999	1.4259546557680247	0.7962435339722336	0.5445159125896686	2.3925592005119998	0.3663636271893299	16.50393386666665	846.6838935319736	0.48391261799066054	6	0.07004638463189944	0.0298461083644677	0.03967579635185761	0.009142006831665472	0.08394996417468573	0.01362401041717386	0.5445594775581574	73.6906843461013	0.03660157194939747	0
30	4.81	1.4843565020356548	0.7544360765905809	0.546083705707098	2.453543791616	0.338211607058729	16.44902784	957.1543722788551	0.5181101113327706	10	0.05703069894558742	0.02310453071165378	0.015391034904164502	0.00968674469202162	0.06798102798868313	0.010905858495274883	0.29461628202749984	53.220081974700115	0.011383783301974065	0
31	4.588	1.23077678397881	0.7357637671626008	0.5084418949923519	1.9737067069439997	0.38666690889080607	14.037251413333298	815.6940604178469	0.5284388510436819	15	0.17886096272608398	0.0295326440311298	0.022866064796727717	0.0284725066413641	0.09149062350088323	0.02774395775821085	0.6348600333217704	51.591166849263175	0.031849477121742756	0
32	4.5584	1.56542238410176	0.8269986949117291	0.520618713426257	2.4643843440640003	0.42560004965936105	15.698450773333299	717.392004002821	0.40269731440731393	3	0.2580468174576081	0.012227754089859929	0.032784526909558284	0.002111579224822001	0.14163966819496793	0.013469108909700959	0.32263491852005194	58.649489064240846	0.01928611103688877	0
33	4.469600000000001	1.49930158142572	0.7602244156085501	0.46866754056964804	1.9272064424959998	0.44931003330578506	15.162240853333302	819.0548619067303	0.43455875116429205	19	0.07887523254103652	0.01600414646334096	0.01768096920417144	0.00591056576298393	0.06020484412040197	0.012032073671257472	0.43892713768614766	42.743188672719505	0.019886375649490865	0
34	4.6916	1.2873086232997397	0.6976656335171021	0.49082256932525004	1.703600597504	0.367994721933558	14.28257621333335	926.2735653557527	0.5625963732607879	12	0.06673689634177889	0.011324801492877238	0.009360521528421562	0.004729526465245881	0.05544547719101085	0.006648678377606716	0.3217824378830888	50.36446445785251	0.01324949927037826	0
36	4.7656	1.44156983415377	0.7521492781183241	0.5695262226619701	2.47167189248	0.33056998405053395	16.319940266666702	730.485968742933	0.5192749193396727	13	0.06265332184068602	0.02135336644787765	0.010916399247547158	0.008204950455902362	0.07347471016371414	0.008095232130227285	0.43650124543686786	67.24024235927473	0.013513676984533114	0
37	4.7064	1.4642315872742797	0.7519621787028398	0.5484020265361701	2.354474628096	0.356163946940849	15.6575633066667	801.5955957262051	0.5086758437303966	15	0.0705094473913147	0.011801821237276664	0.021989005792574182	0.004976151288785811	0.060743591384672085	0.010860001221377777	0.40673399595359794	49.60095302613468	0.024532845474753186	0
41	4.247599999999999	1.2421314027354549	0.842466450496308	0.4738820377006715	1.9279715054080002	0.4870951470992496	15.029648640000001	855.566801807299	0.39258647362275717	10	0.21862182304406647	0.06428279696785728	0.03678367337642991	0.012763795575924964	0.130217976400803	0.02370034545241686	0.630933241776385	75.43938282568035	0.041210344874226104	0
42	4.5287999999999995	1.2885167975385148	0.912448373014221	0.4856202628795686	2.292413762048	0.5078873631847804	15.51737770666665	830.5380734038849	0.3798619035134987	12	0.09718393474086744	0.03514240996683414	0.027318176202832833	0.007156931964176521	0.09307010058798554	0.01279109145746026	0.4382647747419285	74.30162633790091	0.015236708946232165	0
43	4.587999999999999	1.332879993463175	0.7941917859598407	0.532244348385335	2.1562066293760003	0.377676766061798	15.331631786666652	798.7058551974966	0.4549195774509904	16	0.04257144387184129	0.015315596321678377	0.012934317261542639	0.003119476693389457	0.03915364218120095	0.008356545617588378	0.24631453031111195	46.830516181726615	0.011316488752912763	0
44	4.943200000000001	1.3560081490932803	0.745192404718417	0.5230975354880171	2.1535094584320005	0.34021804192158595	14.0898210133333	1028.2827511241721	0.5090795367324876	3	0.20388458608841553	0.03004288375196834	0.04672988799176203	0.01665535775597978	0.23259656983039545	0.03756521499692393	1.2387755338757234	39.35659946917088	0.061744363181171394	0
45	4.3364	1.38326987748991	0.7543332210008256	0.5043043142477626	1.8821844352000001	0.40144630213765303	14.435028053333301	991.5480149717346	0.466305181417271	12	0.12449393316117614	0.044943848541646014	0.022585050104654884	0.005632305570225543	0.09758550511148217	0.013700830355692478	0.5736637383485383	52.38694307531578	0.029844448431387532	0
46	4.3512	1.4567719640890897	0.7978448788138138	0.4936684441342335	2.1157490652160007	0.408733663999156	15.478242560000002	896.0163353116816	0.4150765888541549	20	0.05974663417077856	0.022582652937078895	0.016738516048386415	0.006203686368159906	0.06338879606983731	0.011149077805111372	0.42423140812066035	43.610354441062526	0.01751735648782605	0
47	4.7064	1.4019306714701596	0.7831497799406769	0.5453071164234201	2.38816333056	0.36624424948320794	15.7533568	682.312190361304	0.4775797256928436	17	0.10409447000259482	0.019849987449347777	0.01690573711873388	0.008477058488034506	0.09278020257705975	0.012083573758698856	0.3958334582878791	60.10767346050815	0.02068528988831711	0
48	4.3512	1.39644224898149	0.729025873602917	0.511129063632604	1.8888754938880001	0.37045042550499	13.9648221866667	539.5170371435789	0.47034850373847953	23	0.09448638746064679	0.01111463944316605	0.02325895415086403	0.003925564063452704	0.05232236828246987	0.01124712319628999	0.26620953783934204	65.84400432730736	0.024203653393308662	0
49	4.691599999999999	1.3949924258584652	0.6924045682145024	0.5146725299258585	1.96186768256	0.3256832864098165	15.652890453333349	912.0244877514622	0.5869840659816521	8	0.09070661497377143	0.015394297238503862	0.025812918324109233	0.00786476335208777	0.09116680111892814	0.016631247983420167	0.5475732166636105	51.93554517732741	0.038404443120159275	0
50	4.5436000000000005	1.398985226965235	0.6835492233911679	0.5355387934721361	2.066071844608	0.343917574837974	14.09683029333335	928.2607589265116	0.5602985969490129	8	0.09259509397679458	0.02136742578570056	0.03634533319385534	0.009847540435388397	0.11057017759470382	0.02320619318763346	0.7195777240861729	62.17079738773592	0.03892170185372688	0
51	4.6175999999999995	1.34445731759805	0.7223398658092298	0.550004523041088	2.1501379947520003	0.3278872068646261	14.631871999999998	747.69117177871	0.5325360462582958	25	0.0573201535238698	0.015030959735749921	0.011708328753858101	0.0049428883219879045	0.05135234657494423	0.006935307335717478	0.24974375935747037	50.97761268811764	0.015274129442885037	0
54	4.5584	1.39977616100484	0.8679843195604381	0.46303429052657996	2.235306354176	0.48464101352003597	15.985831253333302	748.374484535041	0.40773015012682706	17	0.08746487658870959	0.021283111632021286	0.02629822870069307	0.005768106888833824	0.07221508158097918	0.014503156387997852	0.36851814406188355	63.96717582725853	0.02544526418607765	0
56	4.4992	1.3194416196142247	0.8160665294983629	0.5197772844398141	2.212250729472	0.42580401682607855	15.4379392	1007.1073833013326	0.44209189001756327	4	0.12463381028704301	0.07038563470671036	0.042102332478710425	0.008966831697804307	0.17627706142815733	0.016591765235967913	1.1137909309173193	45.78412720542105	0.03781629535325209	0
58	4.6324000000000005	1.4450388745284348	0.7572596843466805	0.5802008354907154	2.315624992768	0.2971831047215421	15.400556373333348	930.8636707499995	0.4307345980652788	4	0.4579836823876299	0.13690207107635452	0.04639337220150404	0.02395782295557282	0.16052770987661144	0.024050828060221272	0.8566116776076885	127.97100759163096	0.05399889211697139	0
59	4.3512	1.14606322575966	0.7406037346631291	0.4820284998767641	1.604090550272	0.410446442556464	12.859692373333303	952.0510749460861	0.46560680898879975	11	0.09746144344651218	0.022673308590842493	0.017081873560445025	0.00790331633758314	0.044977819050140644	0.009259031085172096	0.22967562852106252	58.37281056121864	0.022764485079329006	0
60	4.203200000000001	1.31175805994081	0.75250181962422	0.4815727137893051	1.7851900185599998	0.4053221293312791	12.775581013333301	806.985757098545	0.42515410467900333	13	0.099227008475744	0.028267177456936618	0.01936143360765704	0.009386998479277556	0.05534759929731806	0.012103974355340897	0.3985081962855948	55.25907857661723	0.027036862466764202	0
61	4.514	1.2613087552356452	0.794776946673271	0.505110560791202	2.0135029455359996	0.4211735444554866	14.74402048	936.460998819368	0.44891626721374134	12	0.07153333333333335	0.02437482093583472	0.024199601074839292	0.010434213931557575	0.09543019252006098	0.018006049586052876	0.5450817793972532	54.54003008246645	0.016527973934454904	0
62	4.203200000000001	1.4157185177971698	0.7050295794184225	0.5716858155654396	1.9062904005119998	0.32702615760486053	13.19789013333335	1101.724399004715	0.45369620572791786	4	0.1957389758496417	0.028424583843816832	0.03222435539374812	0.0076709158265026115	0.245301075023814	0.016776174949855956	1.0667554808175685	80.39942480879195	0.0069707970946582595	0
63	4.3216	1.3225643619007852	0.872617422500889	0.483512393247772	2.098788009472	0.4435352631161821	14.8199543466667	811.7111953754616	0.38006047375418506	16	0.0979114429812301	0.03222106375005311	0.046997048062125325	0.017559274544439785	0.08815544931142552	0.03392369437103015	0.5392632360793933	46.290055869826475	0.04494218295421615	0
64	4.2328	1.4967593026090698	0.6935361527710358	0.5098236076787671	1.9514291123199996	0.35935408972581906	13.9484672	861.2752497853689	0.4871144587202905	13	0.18444482377597776	0.04172846053522574	0.038303909761548745	0.010348033128125163	0.05598373157404129	0.023663810378729253	0.40837233742390744	57.728499164290184	0.04907663443564597	0
65	4.6175999999999995	1.30842582411549	0.7693150207999448	0.5235429701766259	2.067070316544	0.35858596708978807	14.714815146666698	723.0825744950561	0.49369148939872376	19	0.06908033105826675	0.0177367130526194	0.01586694389317459	0.006649655342259999	0.04953156511042196	0.01063080724486362	0.3167619286183279	42.79514616620643	0.021943700968270377	0
67	4.44	1.42241282892269	0.717612743245476	0.484767470851156	1.97049084928	0.36964741749212493	14.273230506666701	1056.0845006329741	0.4817858790232106	11	0.08447911845270085	0.026928897163874164	0.021681054963658762	0.007658121725739554	0.031514132394306775	0.021427718418414215	0.2808566703567592	49.95813732042654	0.025492379481834988	0
69	4.469600000000001	1.30747093910598	0.7137842137562029	0.5068544762612801	1.7910252441599999	0.37652996878701306	13.958981119999999	900.908886961014	0.5211913940420516	23	0.10208560496307545	0.0217006129973431	0.013213225162038218	0.0071052949633326045	0.05103289347361433	0.009038386766484743	0.3462735426574466	53.605508044760626	0.02637673593104748	0
70	4.3512	1.4232016571535295	0.6516311342381331	0.49606472212470504	1.79634178304	0.35530008958888004	13.82230016	862.3902945853372	0.5441619770979633	13	0.12416713810587866	0.048116727197201885	0.02130539477089185	0.012211983327150757	0.05455605597097533	0.01588654850051175	0.3306512105819746	60.14820203180256	0.03383428785930268	0
71	4.81	1.482342054736205	0.7735910072305541	0.4907972966055165	2.20694715776	0.3914924117261946	16.3140992	733.827901703429	0.5109626451661016	10	0.10043181080824061	0.05149831306144194	0.03950579171417777	0.021048238725385308	0.11039232270567052	0.03931848348865118	0.6843195090677736	78.66344931306399	0.044420252753447215	0
72	3.8183999999999996	1.2645637230441098	0.7471046224404461	0.48599069355331204	1.439251910656	0.43026572943446506	12.0115694933333	821.4815331108979	0.34845936225557145	13	0.0696480461700522	0.010883071795391974	0.012846559995129405	0.0041826771269839295	0.05638274767331407	0.008712990795544683	0.32373956446179525	51.24651873245768	0.012305778633493459	0
73	4.143999999999999	1.4242357985413299	0.759633965694703	0.509968378378383	1.9442712355839997	0.3819318320381909	14.1003349333333	720.9091366946761	0.437055875930271	21	0.07477520488307687	0.01332414036040181	0.015183478269916803	0.004684034407837506	0.06726508294956125	0.010020715376694715	0.3464123006358175	48.47394341038255	0.012115495294895851	0
74	3.9959999999999996	1.38925240537631	0.658506928392557	0.49284270115088347	1.586934987008	0.3474533309620286	12.60385365333335	873.5769641843597	0.4737223699606322	2	0.1479999999999997	0.13138772412749034	0.05312680891325805	0.020520118965439343	0.024028162303999956	0.030977065705255463	1.010504533333349	98.65143891719345	0.07632170786911859	0
75	4.3808	1.3891642426570052	0.7966440423832439	0.508911607347646	2.1027689300479997	0.40393693141694254	14.852080213333348	942.9502330740036	0.43488609849867016	10	0.08455451259394729	0.017739959426665737	0.01668645009934675	0.00757370850098359	0.06844026717487636	0.014992526439550024	0.3621851889118588	50.85612566031669	0.015943532322311126	0
76	4.114399999999999	1.5163558018510204	0.700035632714684	0.4873672617866821	1.7954859499520002	0.367125063961735	13.972999680000001	784.8879916964172	0.43413455466973905	25	0.047606027629562515	0.015273225687779812	0.012568814343488503	0.004446505970512047	0.040603261434823304	0.009199403190123894	0.23718999996595466	42.15443060134463	0.01735522154682255	0
77	4.6324000000000005	1.3659171154554448	0.8779615225875685	0.5057268257639598	2.2491812239360005	0.45543124911075306	15.7101329066667	983.3857431344506	0.415966750945091	8	0.0673591652476271	0.03380139783705926	0.015130018734187671	0.00583744565066703	0.06632919015860214	0.015372923507563306	0.3196153236976734	33.009510563644625	0.020119259629102364	0
78	4.7952	1.27207189683228	0.86378758812398	0.501488107361176	2.392649970687999	0.46455794989252003	15.783730346666701	629.4853705770889	0.4694905919068734	11	0.08158381949446714	0.03350780213463359	0.029518910251887437	0.012278473256901234	0.11890570017821639	0.0230548425543233	0.4857790552326109	59.03960257052777	0.029587812725943515	0
80	4.854399999999999	1.4632226554367098	0.7978850898220118	0.49703416903087305	2.2570133934079997	0.4024998894976551	15.364341759999999	912.2864744890951	0.4616746355842009	9	0.14487919531308802	0.04030138784867053	0.022911909174905116	0.006082604871497769	0.09290647825558002	0.01299535218931344	0.4242904527455034	89.63645814082643	0.029495226559433197	0
81	4.5584	1.36651249921937	0.799788980134472	0.5450851217086629	2.302113203712	0.40314379535861905	14.789580800000001	914.4012119232461	0.42017077691509136	13	0.11931598344448847	0.0170892937533113	0.032114958091294915	0.005875466201307711	0.1292064551865962	0.02197287327038376	0.6781931225401625	53.510872855371346	0.029140129057512346	0
82	4.6768	1.30962503065502	0.7268244664647742	0.5894573322136399	2.1638572584960007	0.350865834572688	14.629535573333301	1067.546348950212	0.5556624293995592	5	0.26475044853597507	0.12360250714275978	0.040624246771153324	0.02489434442933541	0.04189050428100512	0.02334532774880017	0.680970380637031	88.3028033793664	0.07444701671509854	0
83	4.469600000000001	1.4100895854498399	0.7822820434065059	0.504742468386739	2.0648658979839998	0.39420303074750795	15.37485568	1127.7767608066401	0.4303896607417485	5	0.11950484509006296	0.09448937088237018	0.06421523621160663	0.035866689049829516	0.2273983193787953	0.05857398798085746	1.313669445369199	78.36147284374631	0.08293359184971168	0
84	4.0256	1.5183871251678949	0.8425084869936061	0.448211062324595	2.144211998976	0.508935432634926	15.10791893333335	846.5517205048175	0.30461029053864336	10	0.14418842980242522	0.05621082797586422	0.03701406259149105	0.006409334649744097	0.10341533959748724	0.022623289713517958	0.6586730089073932	47.084553690884526	0.03156918458522125	0
85	4.469600000000001	1.5263057152339299	0.763054889848687	0.5177980226798072	2.2121988608	0.38198199451069803	15.258034346666701	712.5551218967103	0.4420802778843192	15	0.06901429306758891	0.033064872338619725	0.008300118507591615	0.005985804739461044	0.040246713511461925	0.007749438528074236	0.262403427704441	51.99271169139203	0.011990178952259503	0
86	4.6028	1.4261449638487447	0.71328613058307	0.5117945556883374	2.000795120896	0.3462537919283415	14.99051349333335	750.873580864462	0.5347424683915039	18	0.06926904678433969	0.024428511546934865	0.012178038898388635	0.005012074468041317	0.06518482428406171	0.007725182143347214	0.4328077354783747	53.43134608263571	0.011490483872244639	0
87	4.4104	1.4096550761390398	0.911202139665836	0.4756685938000041	2.306781384192	0.532074779084708	15.11551232	852.333520260849	0.35408572078967127	13	0.13277930496289697	0.020388990325272218	0.03436803155706698	0.005648199774004121	0.11381219036694629	0.02174843594485322	0.6279067397417938	63.78703380850037	0.031042782585698158	0
88	4.277200000000001	1.29407577836129	0.7381802577962364	0.5073376899793334	1.7758925591039998	0.4087349194907951	13.4180983466667	987.9232151537111	0.3860446875282776	18	0.104415938259791	0.014408655060285337	0.02046548486478351	0.005870267927356796	0.05270710673999034	0.011272204250783884	0.29380866859350663	38.38841359364278	0.024790753120255284	0
89	4.3068	1.2493685940675099	0.7447350688430235	0.49136895327578944	1.7919977817600001	0.4169026342799331	13.251043840000001	1095.7815520802355	0.4748917259085058	6	0.09032177539835633	0.025355294418233733	0.02464673976039524	0.005428821027465376	0.08751767852656397	0.01674759689935515	0.49049211316616187	61.219090132213694	0.029131667550477604	0
90	4.3512	1.387255457501495	0.7720206110641171	0.48311339178814405	1.907055463424	0.40990962406829456	14.769137066666651	814.1961836029786	0.4491687180404579	24	0.07473987611794394	0.022353947403894084	0.02080751630596302	0.00819358977426439	0.05951843346227307	0.014433494398653744	0.3337777596407369	34.50533660728448	0.029478816267136543	0
91	4.5287999999999995	1.3641589225802904	0.8594714109699961	0.48265244731993207	2.0674074629120005	0.443423949712134	15.022055253333301	847.3864277203049	0.41546525100745474	11	0.12407396354494393	0.042766541256234886	0.027749417789725825	0.008118274836771055	0.09453272258794726	0.0201825841577999	0.35137568440753136	72.86617023063415	0.010586522347717096	0
92	4.2623999999999995	1.21203572951498	0.773291528380237	0.517094776884056	1.7396752588799997	0.391736087819585	12.7510485333333	842.9633238788799	0.42481553220713025	19	0.06354351981464346	0.011781061718859046	0.011106103654923571	0.0063888919765102276	0.05127612192311148	0.008540713020706725	0.2640757457683479	31.77073929541663	0.011614642167581533	0
93	4.6768	1.4231376786714698	0.7961827891461307	0.49578896699383007	2.075706450432	0.41903522192534504	15.66924544	1037.389683570749	0.43624445062438555	7	0.12228786824983262	0.03715888674898705	0.024623936879287694	0.009901605454886738	0.08763905442021494	0.011846974606598224	0.48932163289111424	68.50004019305514	0.03372419514924429	0
94	4.6768	1.5153348352054496	0.749957601438436	0.5001119456673498	2.23787385344	0.359689136116877	16.08045653333329	812.75581160651	0.5159537717052298	15	0.11472034535380043	0.013755191505863927	0.030349778038401564	0.006440338821396463	0.08140581195027233	0.019026201470283624	0.45664917871057487	59.20482620070508	0.03360234052506027	0
95	4.484400000000001	1.344477090751305	0.7021521168600984	0.5210934836879105	1.8825993845760003	0.3522087079218935	14.3368981333333	854.5701644424889	0.5233699292891412	22	0.08412665214392231	0.01844119634170247	0.01389716192661154	0.007847729288472119	0.05783190696946951	0.01243832450451501	0.39322867124708566	45.71802491970517	0.014804920019888217	0
96	4.558400000000001	1.2822181572229	0.7012569832299594	0.5091699855631069	1.7531351792640002	0.33988353222446854	13.878958506666649	1018.6845768016715	0.5588024286555817	6	0.07743919191497572	0.014260196249228339	0.016627501213385642	0.005411913153816041	0.07324022859765426	0.006572019151158491	0.3249034550231815	50.286338783783876	0.013650667639031283	0
97	4.1736	1.39597210374059	0.977671688129716	0.5177730048479249	2.36767520512	0.473871736171176	16.9472708266667	1175.741181365026	0.2729396953948802	3	0.2725415523874801	0.03172350519641207	0.11922616460707769	0.013400472290589164	0.15058101939567956	0.049177790615395116	0.4964045320944057	150.05221519222584	0.1368251370453218	0
98	4.6472	1.3542970456664	0.7162120738642258	0.5172903680356559	2.2902352778240003	0.3618100649697771	14.7393476266667	876.3169606375411	0.4938710589726119	7	0.14810064605039444	0.031015067345772713	0.032597913791018784	0.015069460131368846	0.19346060664339018	0.020224257763509036	1.078319569302051	68.47172719812527	0.03430559385530125	0
100	4.5287999999999995	1.3725450411178102	0.6714206911264919	0.5390252574489182	1.8776718607360001	0.30616674695442003	13.6201992533333	972.2956415513481	0.5397037782439831	15	0.14255687168106654	0.02835899923383806	0.018683618387868094	0.006680324597753431	0.06887297926019278	0.008085020317400942	0.4007538343504776	39.85764578602627	0.03357514678309009	0
101	4.499200000000001	1.251588596797645	0.774630972641302	0.5077822351717987	1.9295534999039998	0.406077889628074	14.908738560000003	833.0092031805721	0.47435609943819224	20	0.07369089124601208	0.017025434073480204	0.018774475169758397	0.007122148944795854	0.054315719586772	0.01302053729388422	0.3017386017163956	58.71587491215906	0.02038186701347709	0
102	4.2623999999999995	1.3823369516118702	0.6543878947651509	0.5235131738313828	1.796367717376	0.311445920933813	13.2031470933333	737.2635395801138	0.5023378941344958	23	0.05148557260326727	0.01315469630358641	0.012416716496074308	0.00433420091774945	0.035360831440572595	0.006448120967549045	0.2469194934513082	46.704709361126206	0.016940872394261168	0
103	4.0847999999999995	1.3678505718027902	0.7077481680550539	0.49276548549073396	1.762782752256	0.3586493160007119	14.023232853333301	921.2610275788701	0.4952353789686458	9	0.09344438895493141	0.04938270832544194	0.010827230181163307	0.008925287417614537	0.05407157236613725	0.011472335981978386	0.40600148061705	54.56093763059801	0.021639240564352107	0
104	4.188400000000001	1.334990812095235	0.7015159565544214	0.5155099729066377	1.7007607877120003	0.3612066508198235	13.370785706666702	883.294546310084	0.48872045861662494	16	0.09838452368131896	0.02044751210102806	0.01603773453854219	0.004981278961565193	0.042672329348746076	0.008058777388458772	0.28230471464222845	51.75665264040581	0.024111785071439747	0
105	4.6175999999999995	1.47173857397332	0.718720275092093	0.5175608828517558	2.1055050024960003	0.34561487334635704	15.512704853333302	718.355880742728	0.5344453971559596	15	0.06351558898762133	0.01290850413238287	0.01263785628618571	0.004957395655360383	0.04535479294979073	0.011233467493026063	0.17905463617135936	56.21297613194279	0.01694171631109931	0
106	4.6768	1.389141245986555	0.703684861585312	0.5710697768023215	2.093575207936	0.30301211711923404	14.3152861866667	747.3512682105825	0.5694606712611521	12	0.12950907616101978	0.020160081653293867	0.021923091737727905	0.007730145210642141	0.09305833494168432	0.009946138521199395	0.48460605032002635	63.8413057217317	0.027483163565695953	0
107	4.469600000000001	1.361916126132825	0.7599890607030368	0.470807342391707	1.7572328043519998	0.45280812979545004	13.861435306666703	890.6759165755659	0.42581317252772055	10	0.07514877214935435	0.022539430065183073	0.015873513227337724	0.007008973888474408	0.06646870703221291	0.018198343637918536	0.4701337834268521	66.92897924567377	0.020369989724335822	0
108	4.854399999999999	1.45924626034126	0.6535582342832911	0.51821241318982	2.111884849152	0.32549294010225305	15.395883520000002	944.192135359717	0.5605888439905293	5	0.25342164074916734	0.031089293622348194	0.06109354536976448	0.012265476836073715	0.1637401780275083	0.030137022809241302	1.3405708609187053	76.49137591237512	0.07943294912498498	0
109	4.9284	1.3536174252823998	0.8312962083435951	0.5565922297669296	2.297017106688	0.3904265553292436	15.779641600000001	1032.517095166836	0.48332900710098903	8	0.16347134305437147	0.06375072639545305	0.03225856219579577	0.014624138957666523	0.1389645222488633	0.021358836070195338	0.8049747062428086	70.87407291411627	0.02395310046030122	0
110	4.3956	1.3624909288787048	0.7607164252199219	0.555755731526844	1.981525909248	0.3289892031094905	14.26446890666665	888.4035924138695	0.4591152400086058	14	0.09673956882178132	0.012336973868645839	0.02205587736272626	0.007183239100138573	0.06360469628159589	0.012638373192399749	0.36997297539383167	51.242248662346526	0.030247447441484946	0
111	4.4844	1.4567867683209852	0.7113742526839789	0.5130805993892915	2.1314912071679997	0.3382540993097295	14.738763520000003	933.6235398086851	0.5103219751177162	12	0.08805877513790368	0.011551056802662295	0.02811372272713967	0.004611161525435501	0.06684089633823544	0.015038148557144975	0.4354000664734667	65.6743297849761	0.03225418393200629	0
112	4.7952	1.28474648489409	0.7475317828559789	0.506047151443212	1.8776199920639998	0.4159638776320611	14.436780373333301	918.1893505829491	0.5348986833312136	9	0.1506440363207663	0.02023588366001607	0.020478557546614585	0.006638901779456508	0.09719668365672605	0.015137190305579256	0.5945751289092941	74.32321352837526	0.029621780229873492	0
113	4.129200000000001	1.372072071922605	0.8366635126316291	0.5422910529463955	2.115736098048	0.42439964795495355	13.7732352	838.8038948218099	0.36314418442364826	16	0.15525237035227515	0.022934816660666192	0.015568994522201162	0.02058349667925341	0.08453272667757082	0.023274788962246835	0.40847179617926915	58.172240620596	0.026005882518073353	0
114	4.1736	1.32239687452909	0.7370041194751811	0.5256082769987681	1.82409152256	0.4229983271747881	12.775581013333301	931.9842036481491	0.4072134133902978	11	0.1662494073810354	0.037685021938498514	0.018898324249831438	0.009790433031510996	0.08554719515506044	0.011785448403991641	0.4704464752824367	49.48238080264932	0.027546109371488818	0
115	4.203199999999999	1.3369239350101698	0.8533082459728005	0.4820205980513266	2.0172374899200003	0.444244806634306	14.25220266666665	1022.3182472768196	0.34110340433277	8	0.1252625072169871	0.03344650841239903	0.015269719672957746	0.004248870816780033	0.1081914958473613	0.009812823746197815	0.7056221284209808	61.44039440257525	0.014945361696596021	0
116	4.5436	1.3311616385046898	0.7876761975780293	0.47921878907588655	1.951831094528	0.42725021989616363	14.80359936	596.8729500462146	0.42985041638234694	16	0.10602829732356044	0.028209735966648403	0.030159083338506865	0.015078474247379955	0.07600491467224431	0.022902334661123874	0.42023073963097995	61.11915072555683	0.03510048716005611	0
117	4.5732	1.4050595129648897	0.7052300566455854	0.4939851755362665	1.9150173045760002	0.364902224822227	14.79074901333335	791.4875559579555	0.5511320874226777	22	0.07853627010596206	0.023571653800877685	0.021158768071085153	0.009419109225626813	0.04979467777217576	0.015726453953770723	0.33542930946749533	37.505642535041545	0.03175225179366847	0
118	4.3808	1.37623046519444	0.7287663847779717	0.509847605909106	1.974251328	0.358021248682255	14.4402850133333	904.0755015680461	0.4802220883987614	9	0.09178003763696103	0.04883103426751662	0.025531294266763205	0.010998795351278038	0.06382580056538306	0.01931904307978283	0.4456459161822222	77.50165556253987	0.03243346908267407	0
119	4.6324	1.3309663515003751	0.7624821278995559	0.5135400957497545	2.0038813068800003	0.39577565419095856	14.72124032	807.657485437275	0.46693975725556147	12	0.10497635520208892	0.018023044427538906	0.029524141997100985	0.004404834577591247	0.044636712568095545	0.01802271236892781	0.3605967765905797	60.90031213862963	0.034155312025595484	0
120	4.513999999999999	1.4571812409242149	0.7458752833885809	0.5346296164412785	2.193163058176	0.3910103031116321	14.563531520000002	980.2668726135781	0.45247103406941497	8	0.1663883752807613	0.02478708448229793	0.028890620048397812	0.01112714668115046	0.08054523198072056	0.019222951033369767	0.486294258465843	62.65820101616204	0.038934680803837905	0
121	4.588	1.3614177732468302	0.7661278331087952	0.49856597614680503	1.9652780477439997	0.42117703430463305	14.744020479999996	824.5108928983852	0.4404521988229547	15	0.07867920997658584	0.025958334896144537	0.014253529948514688	0.004753735279408562	0.06914438958136497	0.008433061455726842	0.42887196185285725	51.32739435294751	0.019309936606317208	0
122	3.848	1.2377176721340397	0.712739887567639	0.507910273873205	1.425558581248	0.3848830629123531	11.543115946666699	1097.879992963699	0.4041858730544355	5	0.08213666659902862	0.027170894425943764	0.015715645304369558	0.015104613287810143	0.05441470009609113	0.019603202575202105	0.4676736029591173	40.053129363508006	0.012385302628182137	0
123	4.3808	1.4299575150123998	0.7529325558378729	0.5029288936131372	1.89981978368	0.407749534784056	14.35851008	835.43444400803	0.4388047414657382	15	0.11116166428382225	0.027950389680877423	0.01899914357697778	0.007038096320689854	0.05252979026301215	0.012314381708343876	0.3264077820727545	51.93824681294761	0.025953488684230624	0
124	4.2623999999999995	1.2451151926484199	0.7831925018964098	0.5035566222359619	1.81255074304	0.41467504741744304	13.48935936	970.2452598282331	0.42249382285775255	25	0.0787730839987027	0.009777340145958978	0.013516607450929535	0.005360909181308939	0.03763151074299199	0.007104776824961407	0.22820039049335034	42.75957414770157	0.01880207519499025	0
125	4.3068	1.3899920219001098	0.8374723136164299	0.450446727700861	1.9150432389119998	0.4974781563247125	15.19436672	773.0330118484505	0.3880067795492208	10	0.11430012734512203	0.03636427213687577	0.03030384966473535	0.006851356038147146	0.09184353229927532	0.01345405207928995	0.48310985117076954	70.89461859265677	0.023290670728997966	0
126	4.6916	1.3854049575186203	0.7234579838858003	0.5493368990971694	2.2451225003520006	0.3636734996976395	14.79892650666665	913.08916336697	0.4984928969110842	6	0.14216219844482808	0.06344949448423765	0.029260320348652936	0.01319165468814049	0.1139351211860068	0.019504570474794012	0.560182547683607	84.19618487604244	0.036623895637861725	0
127	4.2623999999999995	1.3780305751562503	0.810184751348266	0.5015952930151741	1.8668831769600003	0.409974568406379	14.138885973333299	942.72677257524	0.4024463290095323	11	0.25311715642372623	0.05929456045486891	0.031320602439498475	0.05447822324076669	0.10082157805432461	0.051926137801373964	0.7151459623566989	100.38097824314924	0.03947873654799736	0
128	4.514	1.2841903424800751	0.7382116691550741	0.48516059376611353	1.756182463744	0.39655635101704556	13.86201941333335	763.6770485409767	0.5012471489320739	20	0.0773693566431079	0.016811469820992932	0.025264246993009377	0.00799489532972914	0.0465709705211142	0.017560812908528834	0.2820037835943486	31.18725575138327	0.03148601132599387	0
129	4.410400000000001	1.389599735676995	0.756136833694657	0.5164895777891796	1.9398883328	0.3906578894634686	14.504536746666652	925.8041853733441	0.42442056600504663	8	0.17528898180677863	0.016277447070064184	0.056804189419328556	0.005333509622009461	0.06090850385574281	0.02808551424620537	0.49645139437058916	53.306891001736616	0.060354015041494645	0
131	4.44	1.4185991921190402	0.7215306302746138	0.4877978662902971	1.75342045696	0.39135693751904155	14.3012676266667	641.6212765322339	0.47376773972104747	18	0.11598117494307636	0.020822635164927054	0.013217760828089568	0.004785975600449297	0.07379136340541342	0.008713854231713869	0.40316610433839134	60.536762815649205	0.022292197479788525	0
132	4.3956	1.352463635658455	0.8224883080410684	0.5221408603328574	2.127147205888	0.4364967318251626	15.1049984	1119.942794291913	0.4131408041963691	4	0.1514139579651316	0.005126423566678923	0.03117335262188834	0.010350932050867376	0.11734265813175003	0.01692624548713508	0.7070284678201114	33.49076323951816	0.034455307319428675	0
133	4.143999999999999	1.2609736740794297	0.7257829614462938	0.48123743935623	1.433312947712	0.409941149464148	11.984700586666701	856.563636495925	0.4380952428055767	13	0.09734123552802429	0.029192169367850313	0.026816536844815556	0.018237730167344722	0.04734772616390952	0.025237329796907303	0.3870853931117455	45.16996439591989	0.036237516919169106	0
134	4.5584	1.3695571816084002	0.7355189292747238	0.49742491868088706	1.9766891555839998	0.363343229470051	15.2545297066667	897.669572007239	0.5467759749614103	17	0.09674895276741605	0.026852597960992697	0.0199004804109495	0.00903317817910698	0.0665697039233321	0.01615662724165908	0.43670468926400585	47.12620906739594	0.0259384988882699	0
135	4.203200000000001	1.3672371408318702	0.804250158022501	0.49928159308569203	1.9058106152959997	0.406143438884714	14.3082769066667	929.357160753121	0.37177633357528905	13	0.10664332486223685	0.020223991529252878	0.03062048409265359	0.00747038016274615	0.08085369139205409	0.020863137868969147	0.5097171818400291	102.64013075849944	0.026786600206117298	0
136	4.3512	1.34627325912089	0.7790972965164501	0.48332578519861913	1.8353470243840002	0.44008587165030505	13.680946346666701	957.6632847621431	0.37927725788361955	9	0.09681295699427485	0.044158595272582486	0.01919114263853353	0.009011761029333923	0.059546817738215296	0.00850830978730756	0.3905852753650452	68.84369250814468	0.02250252447928665	0
137	4.588	1.3152932928405097	0.7472141181613209	0.5600363906153509	2.1005774786560005	0.34863412688058093	14.284912639999998	891.4846333637031	0.5032223472266225	11	0.07619597872298593	0.04319354513197788	0.03768665162916005	0.017470105936979723	0.10032511841597598	0.029795509204003038	0.4864447512295824	46.178077468825336	0.06017041889403912	0
138	4.4252	1.360278118626435	0.7268397465832399	0.5684219020128242	2.1345125573119996	0.32903919308590346	14.010966613333302	777.3682457844716	0.4586241518955273	14	0.1124186579820289	0.029322615616558856	0.028606496004058735	0.008211303536880191	0.0796613663358211	0.016764138554961647	0.47706645845763057	61.446604516145904	0.03627424406073417	0
139	4.3216	1.3037349606490498	0.772812497990708	0.5311328264930161	1.9457494927359997	0.396500044086281	13.579311786666699	906.8094900569549	0.4371915386203748	17	0.20267324034746473	0.04272929017028532	0.018203314236898124	0.03238862323731507	0.08881545087269069	0.029625971884163545	0.5249815288578821	60.02685313869919	0.03322787197744222	0
140	4.2328	1.38796818074669	0.7530936565752171	0.47699766187991355	1.7824409789439999	0.4018872316952515	14.17860522666665	845.8056577629675	0.4370074305499185	20	0.0993736896239326	0.030971352156436698	0.022193714014031515	0.005069217489488122	0.06603579766141149	0.01399165323338377	0.38656187909897044	50.45673924671376	0.027819461271172692	0
141	4.410400000000001	1.3699798153904899	0.862684007604547	0.4766525095265451	2.1269267640319995	0.473097475539982	14.909906773333349	947.0879941149745	0.40847826064259446	10	0.12803877190566576	0.033823404006529306	0.037819428882064	0.01010484382782758	0.13554014948979787	0.025617170678862232	0.6115538333265255	91.09161542143995	0.027527729238743054	0
